date;RETURN_BETA0_IS(PRICE_INDEX)
29.01.1993;0.0009204488712555126
01.02.1993;0.0024969087825916364
02.02.1993;0.002457946028901773
03.02.1993;0.0033535096575275786
04.02.1993;0.0031295920280165596
05.02.1993;-0.001445095322879111
08.02.1993;0.0016879139036862817
09.02.1993;0.0003058530467681146
10.02.1993;0.00035238626713132953
11.02.1993;-0.00132333823186007
12.02.1993;-0.0005896147390557126
16.02.1993;0.003372147292664055
17.02.1993;-0.0028490440195885116
18.02.1993;-0.0018371485600047772
19.02.1993;0.0025147957933207765
22.02.1993;0.0031802407960177933
23.02.1993;0.00399806128184829
24.02.1993;-0.001984050809299073
25.02.1993;0.0034888414704240993
26.02.1993;0.002117133574996306
01.03.1993;-0.0003623086237202907
02.03.1993;0.0017175566622332234
03.03.1993;0.003698362663238979
04.03.1993;0.0019672957531290253
05.03.1993;-0.0051006564185443765
08.03.1993;0.0007633193905797417
09.03.1993;-0.0004255183901921908
10.03.1993;-0.0003586772615944882
11.03.1993;0.0018861540436167596
12.03.1993;-0.002133476147065195
15.03.1993;-0.0029473804409211966
16.03.1993;0.004032393142262094
17.03.1993;0.000563206764242378
18.03.1993;0.0031283076754212063
19.03.1993;0.0025425131019607807
22.03.1993;0.0019127539594359741
23.03.1993;0.0012676420430673785
24.03.1993;0.004573155729496093
25.03.1993;0.0008041288789464797
26.03.1993;0.0018225084396469521
29.03.1993;0.0008549359840662621
30.03.1993;0.004381742789409629
31.03.1993;0.0009751202641800227
01.04.1993;0.0026497385184228953
02.04.1993;0.004327239731655594
05.04.1993;-0.0030015517857470923
06.04.1993;-0.00022580943446414412
07.04.1993;0.00034664465704601884
08.04.1993;1,88E+11
12.04.1993;-7,95E+09
13.04.1993;0.0016527640782475071
14.04.1993;0.0006247987882304308
15.04.1993;0.0011832887618102366
16.04.1993;0.0025943005882344246
19.04.1993;-0.001981390071417909
20.04.1993;-0.001324939776370594
21.04.1993;-0.00247094332371169
22.04.1993;0.0005599980959925337
23.04.1993;0.001532670413491902
26.04.1993;0.0013786514033924623
27.04.1993;0.00011889685582131427
28.04.1993;-0.001034754248196363
29.04.1993;0.00255804893109598
30.04.1993;-0.001948831922923564
03.05.1993;-0.00042220767101953634
04.05.1993;0.002601766277271119
05.05.1993;0.0022056250389147995
06.05.1993;-0.0017766628187584643
07.05.1993;-0.0020072990242108414
10.05.1993;0.0006444194832600078
11.05.1993;0.0021177745655260594
12.05.1993;0.0025589105861295023
13.05.1993;-0.001522136590895218
14.05.1993;0.0005251746094342681
17.05.1993;-0.002386644091345832
18.05.1993;-0.0026185039285388312
19.05.1993;-0.0021922707651564908
20.05.1993;0.0013041482144464692
21.05.1993;0.002878626644942763
24.05.1993;0.0012936947726566068
25.05.1993;4,40E+11
26.05.1993;0.0008081713759448951
27.05.1993;0.002952876868573609
28.05.1993;0.002280298936811228
01.06.1993;-0.0003861107405615993
02.06.1993;0.0005990069614737476
03.06.1993;-0.0001588900001915567
04.06.1993;-0.0029352584290615437
07.06.1993;0.003261899736474058
08.06.1993;-0.0023105403629092615
09.06.1993;0.00041141684709585565
10.06.1993;0.001215454636895584
11.06.1993;0.002882651651845719
14.06.1993;0.0006885279674140999
15.06.1993;0.00012788125337273365
16.06.1993;0.0028518946395970643
17.06.1993;-0.0005424449519298468
18.06.1993;-0.0004829908684847882
21.06.1993;0.0005705789532352897
22.06.1993;-0.0017380963255127359
23.06.1993;0.0025435309746104926
24.06.1993;0.0006488399790100579
25.06.1993;0.0016952757847124018
28.06.1993;0.002235233281255729
29.06.1993;0.0008215683863764952
30.06.1993;-0.0012840883008079737
01.07.1993;0.0022481460871416194
02.07.1993;0.0017856958203613033
06.07.1993;-0.0007929583783052247
07.07.1993;0.0007844562994226009
08.07.1993;-0.0035503530903400193
09.07.1993;0.0026013724861743298
12.07.1993;0.0018856498022831124
13.07.1993;-0.001417766315070193
14.07.1993;0.002070132006529322
15.07.1993;-0.0008156827802599318
16.07.1993;0.0005291126579839061
19.07.1993;6,63E+10
20.07.1993;0.0006829921531608598
21.07.1993;-0.0005125375850087708
22.07.1993;0.0009703018566233012
23.07.1993;-0.0015331944768105822
26.07.1993;-0.0011568014250315807
27.07.1993;0.00221381197049137
28.07.1993;0.0009448726921808539
29.07.1993;0.0031824078199776955
30.07.1993;-0.00021375348805492277
02.08.1993;0.0028992467723435176
03.08.1993;0.00012284271934274446
04.08.1993;-0.000493221523361051
05.08.1993;0.001408319762570351
06.08.1993;0.001055239018925216
09.08.1993;0.002666306183124436
10.08.1993;0.0023295078624283277
11.08.1993;0.0010069635754284443
12.08.1993;-0.0019030612532543135
13.08.1993;-0.0012893008100324625
16.08.1993;0.0015066996554639516
17.08.1993;0.000932105597683123
18.08.1993;0.0038046482619902835
19.08.1993;0.0014033498795242513
20.08.1993;0.00019437478207757634
23.08.1993;-0.0003985405727061921
24.08.1993;0.005174787310006169
25.08.1993;0.004267835678118014
26.08.1993;0.0003274628885070962
27.08.1993;0.0009593760355594108
30.08.1993;0.0020976340880337592
31.08.1993;0.0005486392032631388
01.09.1993;0.0004465190683497144
02.09.1993;-0.002041607071293525
03.09.1993;-0.0010056282887738817
07.09.1993;-0.0018302775706960056
08.09.1993;-0.0033440248045868383
09.09.1993;-0.0032822535503728135
10.09.1993;0.002154075316241151
13.09.1993;0.0011925169529653445
14.09.1993;0.00034107796208870814
15.09.1993;0.0019293986812947768
16.09.1993;0.0015390809455360652
17.09.1993;0.000291228390284732
20.09.1993;-0.0036755537974955373
21.09.1993;-0.0017928449890770724
22.09.1993;-0.00026681795521841156
23.09.1993;-0.0011614292313711296
24.09.1993;4,14E+10
27.09.1993;-0.000608445854502598
28.09.1993;-0.0012189848249330977
29.09.1993;-0.0028879191995263664
30.09.1993;0.0023628074036688373
01.10.1993;0.00031386180299117835
04.10.1993;0.0009063993560224131
05.10.1993;0.0013303212745525992
06.10.1993;0.002530526788982048
07.10.1993;-0.00020137863191271345
08.10.1993;0.0019321581103311151
11.10.1993;-0.0025296805973120447
12.10.1993;0.0002649596312447092
13.10.1993;0.0014310538818149894
14.10.1993;0.00020695853559065183
15.10.1993;0.0026143397767990706
18.10.1993;0.0009105056731639337
19.10.1993;0.002443180016830114
20.10.1993;0.0004851289218930293
21.10.1993;0.0003799326393938557
22.10.1993;0.0012188400297866602
25.10.1993;-0.0015461455225819485
26.10.1993;0.0010049723923264103
27.10.1993;0.0018643007630079114
28.10.1993;0.0012871253708370922
29.10.1993;0.0012409165056605019
01.11.1993;-0.0006436160705146828
02.11.1993;-0.003812052528162216
03.11.1993;-0.0013547394615434066
04.11.1993;-0.002051092460861113
05.11.1993;-0.004957597103061572
08.11.1993;-0.0015712659450456367
09.11.1993;0.0021102165517663555
10.11.1993;0.003030706192364311
11.11.1993;-0.0011458592256252463
12.11.1993;0.00021990924993948026
15.11.1993;0.0025011859783124735
16.11.1993;-6,22E+10
17.11.1993;-0.0007779405860129348
18.11.1993;-0.0032064033370541173
19.11.1993;-0.0018584399714433979
22.11.1993;-0.001705895370085292
23.11.1993;-0.0018038558405487502
24.11.1993;0.001252771458375504
26.11.1993;0.0029759912064364546
29.11.1993;-0.003959760843669464
30.11.1993;0.0006207506652283366
01.12.1993;0.002437038238421862
02.12.1993;0.001482311973658632
03.12.1993;-3,16E+10
06.12.1993;0.0015157145643901974
07.12.1993;0.0013960283559417207
08.12.1993;-0.0002253795727404388
09.12.1993;0.0004975796273788032
10.12.1993;0.001328243604513269
13.12.1993;0.005133061013808169
14.12.1993;0.0004895097753216779
15.12.1993;-0.001494731649123744
16.12.1993;0.0020408820441588527
17.12.1993;0.002823990506186278
20.12.1993;-0.0004004126472189672
21.12.1993;-0.0011537130846176816
22.12.1993;0.0018042352430541158
23.12.1993;-0.0023528206367954664
27.12.1993;0.002765533241804712
28.12.1993;0.0039092301706537096
29.12.1993;-0.00021481685327723516
30.12.1993;-0.0027308846598154556
31.12.1993;0.0006111259195416061
03.01.1994;0.00042496136990832203
04.01.1994;0.001926139128598658
05.01.1994;-0.00023806341435022454
06.01.1994;-0.0023323775910578863
07.01.1994;-0.0024808625346756947
10.01.1994;0.0009861217374882078
11.01.1994;-0.0006134321506768999
12.01.1994;-0.0018714157958903506
13.01.1994;-0.0022286654601471933
14.01.1994;-0.0023543976999151656
17.01.1994;-0.0013177536605827416
18.01.1994;0.0009808708998788017
19.01.1994;0.002594417565474719
20.01.1994;0.0003768281236710461
21.01.1994;7,78E+10
24.01.1994;0.0014412428523998082
25.01.1994;0.0005187093600408285
26.01.1994;0.0019573680088395217
27.01.1994;-0.002097617540663614
28.01.1994;0.0009852831300596367
31.01.1994;0.0015882778003860343
01.02.1994;0.00310690610859158
02.02.1994;-0.004757707941386597
03.02.1994;0.0016973456834440312
04.02.1994;-0.001689295221714549
07.02.1994;-0.0022214767932005057
08.02.1994;-0.0006460922911380705
09.02.1994;0.004951779469969025
10.02.1994;0.0005205322190008591
11.02.1994;0.00010580077418256362
14.02.1994;-0.0010774084044228626
15.02.1994;0.001182352506992734
16.02.1994;-0.0006471259964898215
17.02.1994;0.0005817042758104129
18.02.1994;-0.0007214367336094152
22.02.1994;0.000500514930428415
23.02.1994;0.00017501531507015155
24.02.1994;-0.0003057728528965218
25.02.1994;0.00010195441529161232
28.02.1994;0.003287734935082879
01.03.1994;0.001850421519806889
02.03.1994;-0.0022738601876407553
03.03.1994;0.0010568796912963493
04.03.1994;-0.003665509185241454
07.03.1994;-0.00126103185729318
08.03.1994;-0.0022565353494233545
09.03.1994;0.0005518056604182572
10.03.1994;0.0008394290438732638
11.03.1994;-0.0013773087044305376
14.03.1994;-0.0005445627500297188
15.03.1994;4,48E+10
16.03.1994;-0.0005016436797564707
17.03.1994;0.002126834843087602
18.03.1994;0.002938775050079395
21.03.1994;0.0008997277196185443
22.03.1994;-0.0010952785812141305
23.03.1994;-0.0033766729066778437
24.03.1994;-6,37E+10
25.03.1994;0.001836351105567549
28.03.1994;0.001024150491069741
29.03.1994;-0.004362407476465213
30.03.1994;-0.00455398022693607
31.03.1994;-0.0034103261747377607
04.04.1994;-0.0018308912911195498
05.04.1994;-0.006211996928119674
06.04.1994;0.0005117213790920029
07.04.1994;-0.002773577912634287
08.04.1994;-1,10E+11
11.04.1994;0.000697081265766185
12.04.1994;0.0022278107083075443
13.04.1994;0.0024729276304369914
14.04.1994;-0.0015689023785648367
15.04.1994;0.00038461397280474085
18.04.1994;-0.0015915179508812225
19.04.1994;0.00040795581731711567
20.04.1994;0.001146295884195124
21.04.1994;-0.0038030869158346176
22.04.1994;7,61E+10
25.04.1994;9,70E+09
26.04.1994;0.0005601270424823272
28.04.1994;-0.00212226378051202
29.04.1994;0.0025442142558825148
02.05.1994;-0.001105286177577023
03.05.1994;-0.0016952252805585378
04.05.1994;-0.0008894709828886362
05.05.1994;0.0015885571313034028
06.05.1994;-0.0012087390746518905
09.05.1994;0.0017598237064522144
10.05.1994;-0.0009504430462962201
11.05.1994;-0.003094038933736036
12.05.1994;-0.0016128710286818387
13.05.1994;0.0003762201868805022
16.05.1994;0.004226619127273212
17.05.1994;-0.0031339351057506288
18.05.1994;0.0004287442624236678
19.05.1994;-0.00036871100208049124
20.05.1994;0.0020456719950661473
23.05.1994;0.0017103354626667856
24.05.1994;-0.004783830532951565
25.05.1994;0.003727985445679353
26.05.1994;0.0003373066221682285
27.05.1994;0.002240751510995645
31.05.1994;0.0009954791471733367
01.06.1994;1,55E+11
02.06.1994;0.002056081550405193
03.06.1994;-0.001703839621313793
06.06.1994;1,38E+11
07.06.1994;-0.0010341145977387925
08.06.1994;-0.0016221607189375765
09.06.1994;0.0022640334975286584
10.06.1994;-0.001399070998252601
13.06.1994;0.0010066795077989742
14.06.1994;-0.0003635215961594493
15.06.1994;-0.0026481518941936064
16.06.1994;-0.00038734754537185436
17.06.1994;0.002556977197596923
20.06.1994;0.0012052808396341831
21.06.1994;0.0015003773299997398
22.06.1994;-0.0008782398009312357
23.06.1994;-0.000126585355274422
24.06.1994;-0.005447523853054449
27.06.1994;-0.0067472396814104735
28.06.1994;-0.00182711145426447
29.06.1994;0.00033592418547125004
30.06.1994;-0.0013018216799451927
01.07.1994;-8,94E+10
05.07.1994;0.0009904648321682015
06.07.1994;-0.0008643647980589113
07.07.1994;-0.0010100810857506574
08.07.1994;-0.00014542128185870713
11.07.1994;-0.0007059661664090248
12.07.1994;-0.00014750869124744977
13.07.1994;-0.00020649839228196868
14.07.1994;-0.00025532343198008236
15.07.1994;-0.0010437863433965487
18.07.1994;0.0016549203223774002
19.07.1994;0.002062558323134022
20.07.1994;0.0019353947155367813
21.07.1994;-0.0011644149481723452
22.07.1994;0.0009607914122868631
25.07.1994;-0.00025786062095746465
26.07.1994;-0.001986163550331847
27.07.1994;0.0018963853477178719
28.07.1994;-0.0008932413300006531
29.07.1994;-0.0007099295701988224
01.08.1994;-0.00010373744998243663
02.08.1994;1,71E+11
03.08.1994;0.004958017083844525
04.08.1994;0.0030219001596443335
05.08.1994;-0.0021392346564209413
08.08.1994;0.0006284806935987427
09.08.1994;0.0008482391775766242
10.08.1994;-0.00034817151954540234
11.08.1994;-0.0002160726720055598
12.08.1994;0.005647998072286921
15.08.1994;-0.0018724232423116007
16.08.1994;0.0022989426115190845
17.08.1994;-0.0007620993910511122
18.08.1994;0.0033807888974301393
19.08.1994;-0.0019490957214293835
22.08.1994;0.0010851062434702695
23.08.1994;0.0018134198815909126
24.08.1994;0.003726275991071204
25.08.1994;0.0005278953823464954
26.08.1994;0.0012738058334732952
29.08.1994;0.0017177694341840189
30.08.1994;-0.0010398229215064481
31.08.1994;0.0015500431201358497
01.09.1994;-0.0006818419200858416
02.09.1994;-0.008265384067304442
06.09.1994;0.0014957900205755418
07.09.1994;-0.0015293982771717627
08.09.1994;0.00465615423312084
09.09.1994;-0.00020785124826179328
12.09.1994;-0.0001272931371915075
13.09.1994;-0.002699758467180631
14.09.1994;-0.0015539522632957064
15.09.1994;0.0002127681428569098
16.09.1994;0.00023462300389332912
19.09.1994;-0.00023140287668246503
20.09.1994;-0.003205490886620941
21.09.1994;-0.003642005702375242
22.09.1994;0.0002967237117534183
23.09.1994;-0.0012383300580259965
26.09.1994;0.002279356701042091
27.09.1994;0.0008380864983941707
28.09.1994;-0.0007555608274051075
29.09.1994;0.0005272512208569432
30.09.1994;0.00030092073503206027
03.10.1994;-0.0020410029623814537
04.10.1994;-0.0009341576420371256
05.10.1994;-0.003832424709660609
06.10.1994;0.0008648010124235863
07.10.1994;0.0021870432071613775
10.10.1994;-0.0007919557436004599
11.10.1994;0.0010934664716273608
12.10.1994;-0.0008545650088357985
13.10.1994;0.0022564608924921744
14.10.1994;0.0008935817737443117
17.10.1994;0.0003826901423301085
18.10.1994;0.0010756816867720266
19.10.1994;-0.0007945546655101189
20.10.1994;-0.0004781680837964684
21.10.1994;-0.0008613976412882999
24.10.1994;4,80E+10
25.10.1994;-0.00013878554814988648
26.10.1994;-0.0007276788657610914
27.10.1994;0.0021028062301485023
28.10.1994;0.0008646147970972698
31.10.1994;0.004112917955912688
01.11.1994;-0.0013049774430358195
02.11.1994;-0.00011569638678827522
03.11.1994;0.00019789011625839141
04.11.1994;-0.0013781954246342956
07.11.1994;0.002392619485658911
08.11.1994;-0.001939674259753377
09.11.1994;0.00028500177398180075
10.11.1994;-0.000221252584576606
11.11.1994;-0.0018445968910276952
14.11.1994;-0.0023624205919976398
15.11.1994;0.0008551637396005608
16.11.1994;-0.0007141169374083459
17.11.1994;-0.0010873017111570683
18.11.1994;-0.002464913468817616
21.11.1994;0.0015076511635813564
22.11.1994;-0.0030018531429420966
23.11.1994;-0.004564577474438714
25.11.1994;0.00026404771215591985
28.11.1994;-0.0005703136209221239
29.11.1994;0.002160166430433639
30.11.1994;-0.004593009267662863
01.12.1994;-0.0014933709316732777
02.12.1994;0.0015415613175067061
05.12.1994;0.0001957566137795136
06.12.1994;0.0019558349500309324
07.12.1994;0.00034206541778403297
08.12.1994;-0.0017324976878699571
09.12.1994;-4,61E+11
12.12.1994;0.0020180890340636497
13.12.1994;-9,59E+10
14.12.1994;0.0021544434248396416
15.12.1994;-0.004935829936031656
16.12.1994;0.0010823875052514416
19.12.1994;0.0033274053685360353
20.12.1994;0.0009863059902948607
21.12.1994;-0.0016561020913906097
22.12.1994;-0.0036237390985878223
23.12.1994;-0.0017737778741109044
27.12.1994;0.0013003161463320198
28.12.1994;0.004317342818631803
29.12.1994;0.00033606115966550404
30.12.1994;0.00017257538532821135
03.01.1995;-0.0015223247828154277
04.01.1995;-0.0016247923029295787
05.01.1995;-0.0006443988581945836
06.01.1995;-0.0007443743085531144
09.01.1995;0.0003156191850818734
10.01.1995;5,51E+11
11.01.1995;0.0022296462709612912
12.01.1995;0.003386057681247069
13.01.1995;-8,06E+09
16.01.1995;0.0002865869624751599
17.01.1995;0.0007708691259963654
18.01.1995;0.001908500022368232
19.01.1995;0.001922250677133704
20.01.1995;0.0026962424587742826
23.01.1995;0.00031476130661049556
24.01.1995;-0.0003136364208420571
25.01.1995;0.000742652933011394
26.01.1995;0.00205248177791476
27.01.1995;-0.0018192162770624236
30.01.1995;0.002676707182877769
31.01.1995;-0.001981116075485679
01.02.1995;-0.0031224675730909556
02.02.1995;-0.004370096279740236
03.02.1995;-0.002129792729346645
06.02.1995;0.00117218186361081
07.02.1995;0.001574307216176608
08.02.1995;0.0029569523446398584
09.02.1995;-0.00017991502116916462
10.02.1995;-0.00013673045893057643
13.02.1995;-0.0030408597383154165
14.02.1995;-0.0002122910769447548
15.02.1995;0.0006830350117615271
16.02.1995;0.002117428473146548
17.02.1995;0.00516089381639874
21.02.1995;0.001200631505248354
22.02.1995;0.0038787849286076688
23.02.1995;0.0013152656698493712
24.02.1995;0.00145404042890609
27.02.1995;-0.006652815846571321
28.02.1995;0.00036502735414497824
01.03.1995;-0.0002090633061069048
02.03.1995;0.001897684022166074
03.03.1995;-0.0014500187926467499
06.03.1995;0.0021668345395993173
07.03.1995;0.0022926469398719066
08.03.1995;-0.0024054365787586547
09.03.1995;-0.0017604497814091887
10.03.1995;-0.0038773522736226924
13.03.1995;0.0035666086365911506
14.03.1995;-0.0016549394302612418
15.03.1995;-0.0013318950137463828
16.03.1995;0.0031089264822133237
17.03.1995;-0.0007562539698075172
20.03.1995;0.0020405191641682816
21.03.1995;0.00012155636077315851
22.03.1995;3,41E+11
23.03.1995;0.0030361203519198915
24.03.1995;0.0026641841105634603
27.03.1995;0.0010778471410925338
28.03.1995;0.0018012115839574475
29.03.1995;0.0006461061535094296
30.03.1995;0.0023223216365751073
31.03.1995;-0.0007160473540673696
03.04.1995;0.0028029609397244998
04.04.1995;0.0021013087029677245
05.04.1995;-8,09E+10
06.04.1995;0.000803827599906037
07.04.1995;-0.0005041402072961007
10.04.1995;-0.0012131948077083688
11.04.1995;-0.0002905799577768379
12.04.1995;0.00045308103204301823
13.04.1995;0.00022885480383047052
17.04.1995;0.0016542680376600426
18.04.1995;0.002432785430351181
19.04.1995;-0.004082166038755143
20.04.1995;0.00030853747409619785
21.04.1995;0.0006645217406777888
24.04.1995;0.00228658692996655
25.04.1995;0.002957133643419059
26.04.1995;-0.002182992292858502
27.04.1995;8,51E+10
28.04.1995;-0.0014476491986772227
01.05.1995;0.004724084718387259
02.05.1995;0.001234263485133449
03.05.1995;0.004664680447200223
04.05.1995;-0.0006348578760828631
05.05.1995;-0.001346677850836963
08.05.1995;-0.0022186311418977422
09.05.1995;-0.0028275822311535576
10.05.1995;-0.0017889964889389047
11.05.1995;0.000339515292573389
12.05.1995;-0.0017520494412643997
15.05.1995;-0.0008820568887649192
16.05.1995;0.0008216290456132377
17.05.1995;0.0020317702491086777
18.05.1995;0.0008330480108911221
19.05.1995;-0.0010037286194927635
22.05.1995;-0.0006711058028226777
23.05.1995;0.0023206479920101705
24.05.1995;0.0027754055527112326
25.05.1995;0.0038498618912491513
26.05.1995;0.0025024014563160032
30.05.1995;0.004517284718772704
31.05.1995;0.004245479434879376
01.06.1995;-0.0013625308035027013
02.06.1995;-6,28E+10
05.06.1995;0.0008079249249154538
06.06.1995;-0.0015719908978816652
07.06.1995;0.0022918857910017793
08.06.1995;0.0007567156171320031
09.06.1995;-0.0005202171253090278
12.06.1995;-0.0002799043882230571
13.06.1995;-0.002338626268447603
14.06.1995;0.0017796035467615248
15.06.1995;0.0018373641163326813
16.06.1995;0.001255037216168437
19.06.1995;-0.0013641675408859826
20.06.1995;0.000769315672740873
21.06.1995;-0.000444343002530843
22.06.1995;0.002278721966974864
23.06.1995;-0.001180606699481162
26.06.1995;-0.0035156076087714825
27.06.1995;0.005193130873929778
28.06.1995;0.002341035004508718
29.06.1995;-0.003787025879038051
30.06.1995;-0.0019192457946083043
03.07.1995;4,39E+11
05.07.1995;0.00035273090772873256
06.07.1995;-0.00020575547900080398
07.07.1995;-0.002105923257060431
10.07.1995;-0.00016658356491020356
11.07.1995;0.00475147735492736
12.07.1995;-0.00042501727111171747
13.07.1995;0.0026210485025523434
14.07.1995;-0.0011443573531268515
17.07.1995;0.0007355845571467231
18.07.1995;0.0025196907820081256
19.07.1995;0.0034382327315032254
20.07.1995;0.0011889664635360664
21.07.1995;-0.0017682051284542949
24.07.1995;-0.00023172702398484356
25.07.1995;-0.0009097911414617367
26.07.1995;0.003062339238125821
27.07.1995;5,25E+11
28.07.1995;0.0010688963308374553
31.07.1995;0.00019496834082520227
01.08.1995;0.00140418188883
02.08.1995;0.0010417291533896724
03.08.1995;0.002379578033602851
04.08.1995;0.0007999794346138198
07.08.1995;0.0017579343877559218
08.08.1995;-0.0003400046051571517
09.08.1995;-0.0008150883575427554
10.08.1995;-0.0028603565933552275
11.08.1995;-0.002374829330909422
14.08.1995;2,56E+11
15.08.1995;-0.0007119066106324138
16.08.1995;-0.001672716289851885
17.08.1995;0.0005796261691795987
18.08.1995;0.002091000004176824
21.08.1995;0.0011952409265010076
22.08.1995;-0.0009739624387896024
23.08.1995;-0.001050998731120696
24.08.1995;-0.0006913782168806999
25.08.1995;-0.00032733112405626346
28.08.1995;-0.000353359113831765
29.08.1995;-0.0006103542104173754
30.08.1995;-0.0021188441601709394
31.08.1995;-0.0009671107588376661
01.09.1995;3,28E+11
05.09.1995;-0.0022911083033148086
06.09.1995;0.0025862562861140304
07.09.1995;0.003202319682221545
08.09.1995;0.0016838201537898987
11.09.1995;0.0011091676317077246
12.09.1995;0.0033617980435557415
13.09.1995;0.0013086716181885786
14.09.1995;0.0012645801315155445
15.09.1995;0.0005640806837517677
18.09.1995;0.0008427743571865372
19.09.1995;0.0017103263873687168
20.09.1995;0.0006710576825789444
21.09.1995;0.0022865862499610277
22.09.1995;0.0012452574846571088
25.09.1995;0.0010587569357258602
26.09.1995;0.0005016857942052894
27.09.1995;-0.0008905095231123995
28.09.1995;0.00031813874323498867
29.09.1995;0.0009422259008745674
02.10.1995;0.0025032442815831365
03.10.1995;-0.0011627782272903848
04.10.1995;0.0005100190424712904
05.10.1995;-0.0010242948716893473
06.10.1995;0.00012427156076906022
09.10.1995;0.004373914648951432
10.10.1995;0.003980112644881673
11.10.1995;-0.002582625984617451
12.10.1995;-0.0013322578192756943
13.10.1995;-0.0019425841063596305
16.10.1995;-0.0008845438321565926
17.10.1995;-0.0009532373358257834
18.10.1995;-0.0009201363621407302
19.10.1995;0.0037324526294647475
20.10.1995;0.0030512362926721597
23.10.1995;-0.0007836386997349914
24.10.1995;-0.001329954852488545
25.10.1995;-0.00010793232738633618
26.10.1995;-0.0023401692704400987
27.10.1995;-0.0037028652253940928
30.10.1995;0.0031068115955814545
31.10.1995;0.0011631132972715662
01.11.1995;-0.0006250135307399819
02.11.1995;-0.0005015913375223054
03.11.1995;7,26E+10
06.11.1995;0.000875766764902425
07.11.1995;0.0025347355779908078
08.11.1995;0.0027433757539549637
09.11.1995;-0.002732769569656932
10.11.1995;0.0022151766017516963
13.11.1995;0.0023660226463460016
14.11.1995;0.003950279112247276
15.11.1995;0.0017907459682723137
16.11.1995;0.003318867344365989
17.11.1995;-0.00017351085073554547
20.11.1995;0.0014202052773401059
21.11.1995;0.0027064485806016503
22.11.1995;-0.0007157363991879514
24.11.1995;0.0028333067630418583
27.11.1995;0.003951242405316574
28.11.1995;0.0012969040265223145
29.11.1995;-0.0008584569841080922
30.11.1995;-0.0009363520016096296
01.12.1995;0.0020753954681957208
04.12.1995;0.0022727114437706667
05.12.1995;0.0034865961127316233
06.12.1995;0.004353270731793313
07.12.1995;-0.0010763770631675522
08.12.1995;0.00242368787531834
11.12.1995;0.001985886733931511
12.12.1995;0.0009540146918386187
13.12.1995;0.0024470377362568107
14.12.1995;0.003833218123107398
15.12.1995;0.0012548656781017618
18.12.1995;-0.0012790528480641705
19.12.1995;-0.0012489977439323788
20.12.1995;0.00024401923935374933
21.12.1995;0.0008345975836700514
22.12.1995;0.00025375129168715146
26.12.1995;0.0024958580708041096
27.12.1995;0.0015386071714559525
28.12.1995;0.0037819507722239285
29.12.1995;-7,14E+10
02.01.1996;0.0012522546821389226
03.01.1996;0.0008400578226447426
04.01.1996;0.00200948852736904
05.01.1996;1,08E+10
08.01.1996;0.0027839126778562177
09.01.1996;0.001273409580288386
10.01.1996;0.0014950291547947384
11.01.1996;-0.003962317849458109
12.01.1996;-0.0004378933187127933
15.01.1996;0.005821437040595139
16.01.1996;0.0017450609847546438
17.01.1996;-0.0006097129878470163
18.01.1996;0.0019156190926027505
19.01.1996;0.0008092198376189609
22.01.1996;0.0003613801334364456
23.01.1996;0.0030184083554781237
24.01.1996;0.0013180937251335305
25.01.1996;0.0017264357758158557
26.01.1996;0.001551637233879544
29.01.1996;0.0013285107807334794
30.01.1996;-0.00019074069982855774
31.01.1996;0.002921527080555377
01.02.1996;0.0020994978119459368
02.02.1996;0.00057646446909597
05.02.1996;0.0011757279980988986
06.02.1996;0.005399003966739589
07.02.1996;-0.0016864981229080633
08.02.1996;0.0019007868174926853
09.02.1996;0.000761040107294733
12.02.1996;-0.0002463393591607229
13.02.1996;0.0008391994886685066
14.02.1996;0.002422663332376134
15.02.1996;0.0005046390875939233
16.02.1996;-0.00046787524179276157
20.02.1996;-0.0019982817179788346
21.02.1996;0.001881601212657035
22.02.1996;0.0016407569365763104
23.02.1996;-0.0008092559930443482
26.02.1996;0.001069629552198409
27.02.1996;0.0005170091338767445
28.02.1996;-0.0012686644762408916
29.02.1996;-0.002368912237554439
01.03.1996;0.00033966623300966167
04.03.1996;0.0011162339075750233
05.03.1996;0.0008298890045046645
06.03.1996;0.0026450558305532034
07.03.1996;0.00199562940329489
08.03.1996;-0.0007172084000541404
11.03.1996;-0.0012099835479878031
12.03.1996;0.0014957553391769787
13.03.1996;-0.0015622624125838837
14.03.1996;-0.0016694475166794736
15.03.1996;0.00014920893551633493
18.03.1996;-0.0017682204533050344
19.03.1996;0.002081838473215733
20.03.1996;-0.0004684244634619851
21.03.1996;0.0024882417114519464
22.03.1996;0.001895188953890479
25.03.1996;0.0019620962914820945
26.03.1996;0.002215978858068757
27.03.1996;0.0009334612758990111
28.03.1996;-0.002338422841368108
29.03.1996;-0.00023748821091381614
01.04.1996;-0.001912161388786059
02.04.1996;0.0006210606237713066
03.04.1996;0.0018200145937690392
04.04.1996;-3,58E+10
08.04.1996;-2,96E+06
09.04.1996;0.0035304602898889505
10.04.1996;-0.0005362663388804702
11.04.1996;-0.0032631999309047843
12.04.1996;-0.0002990522354562493
15.04.1996;0.0018747358198469674
16.04.1996;0.0018970755476885232
17.04.1996;-0.002501545446875534
18.04.1996;-0.0015914666023206687
19.04.1996;0.00023964090747391562
22.04.1996;0.0005203331058048862
23.04.1996;0.0011209553925081266
24.04.1996;0.0020785327775266916
25.04.1996;0.004526759423959153
26.04.1996;-0.00035262012931824567
29.04.1996;0.00017538081011848428
30.04.1996;0.0022304918229664942
01.05.1996;0.0016279458532122938
02.05.1996;-0.0019716097122058998
03.05.1996;-0.0020467526875178055
06.05.1996;0.002850511918616193
07.05.1996;-0.00010676889626258469
08.05.1996;0.0016097170678750447
09.05.1996;-8,88E+10
10.05.1996;0.0014746699441613971
13.05.1996;0.0021814763937973913
14.05.1996;-0.0001902999353738618
15.05.1996;0.0004863171826713299
16.05.1996;-0.0028028583495268763
17.05.1996;0.0004550406721421582
20.05.1996;0.00031142308971439977
21.05.1996;0.0007798626716015686
22.05.1996;0.00011027110052080989
23.05.1996;0.002768779644963544
24.05.1996;0.0013656625362968213
28.05.1996;-0.0010161370851992642
29.05.1996;-0.0017356940083668652
30.05.1996;0.0018092420867190384
31.05.1996;0.00022152226357094928
03.06.1996;0.0015358907333458314
04.06.1996;-0.0029447521169587007
05.06.1996;-0.0024666366361019735
06.06.1996;-0.0029849439374226845
07.06.1996;-0.0012263741183291686
10.06.1996;0.0008290684914640218
11.06.1996;-0.0032132766262708097
12.06.1996;-0.00044214145201260406
13.06.1996;-0.0021860261235544624
14.06.1996;-0.0003020343488045389
17.06.1996;-0.0012716522539074385
18.06.1996;0.0005908106044607989
19.06.1996;-0.00016752873832332025
20.06.1996;-0.0010573573633654615
21.06.1996;0.001099372331739733
24.06.1996;0.001719630219255152
25.06.1996;-0.0008947815255454326
26.06.1996;-0.003121131939469094
27.06.1996;-0.00283971094440786
28.06.1996;0.003851572532584633
01.07.1996;0.004096770492998744
02.07.1996;-0.00068601087734107
03.07.1996;-0.0004124413245566892
05.07.1996;-0.006287822289055451
08.07.1996;0.0006883616139069825
09.07.1996;-0.000930580271675355
10.07.1996;-0.0001012736741706718
11.07.1996;-0.0005874325269857221
12.07.1996;-0.0011499007519875256
15.07.1996;-0.0010444609353971448
16.07.1996;-0.008427643347807021
17.07.1996;-0.004292826417406011
18.07.1996;-0.00176608615509013
19.07.1996;0.001751270920032104
22.07.1996;0.0014040439149408898
23.07.1996;0.0018302911878971375
24.07.1996;-0.0006745511665659739
25.07.1996;-0.0036906848600974903
26.07.1996;0.0012533569522184705
29.07.1996;-0.0015506166641074768
30.07.1996;0.0010421489615997184
31.07.1996;0.0014395229109572152
01.08.1996;-0.0004038959886209425
02.08.1996;0.0003915062125068357
05.08.1996;0.0033359927799050345
06.08.1996;-0.0009556711082744938
07.08.1996;-0.0006160278036074713
08.08.1996;0.0006735993490365624
09.08.1996;-0.0009267374443658167
12.08.1996;0.002235859787273387
13.08.1996;0.00045562021329186193
14.08.1996;0.0020660199166450057
15.08.1996;-0.00022520784897006073
16.08.1996;0.00017777612995310615
19.08.1996;0.0032843172039362647
20.08.1996;0.002433538860792736
21.08.1996;-0.00035919497784244673
22.08.1996;0.001633522686358491
23.08.1996;0.0022917208953432485
26.08.1996;0.0029823586156918123
27.08.1996;0.001562823511796397
28.08.1996;-0.0008888996759168177
29.08.1996;-0.0028380175319339136
30.08.1996;-0.0007423770476810809
03.09.1996;-0.00016396096537074504
04.09.1996;0.0005921767840894141
05.09.1996;0.001377017799659406
06.09.1996;-0.0017207577853680467
09.09.1996;0.0030190201121740442
10.09.1996;-0.0009976212686604604
11.09.1996;-0.0017944686782666597
12.09.1996;0.0010693818339737988
13.09.1996;0.0008947423363393084
16.09.1996;0.001569610614516341
17.09.1996;0.0037027948673787874
18.09.1996;-0.002287585092133807
19.09.1996;-0.001575137846964281
20.09.1996;-0.0018704373515995602
23.09.1996;0.0018996124151903467
24.09.1996;-0.00019788745866934713
25.09.1996;-0.000370614611503276
26.09.1996;-0.004957368951303909
27.09.1996;0.0012656461912050807
30.09.1996;0.0013844842738907777
01.10.1996;-0.0017025794590122406
02.10.1996;0.0020403943330425363
03.10.1996;-0.0005030745722929047
04.10.1996;-0.00014105451972385797
07.10.1996;-0.0003715800461350817
08.10.1996;-0.00034398381089507804
09.10.1996;-0.0016805689952190672
10.10.1996;-1,98E+09
11.10.1996;0.0014367171860924298
14.10.1996;-0.0023275268673095834
15.10.1996;0.003256017804453709
16.10.1996;0.0009629627478738626
17.10.1996;0.0011193354933573532
18.10.1996;-0.0010936074772004514
21.10.1996;0.0012227586755565337
22.10.1996;0.004622025282518908
23.10.1996;0.0009580756794803691
24.10.1996;-0.0016978310313913738
25.10.1996;-0.00011999243529406097
28.10.1996;-0.001825791646286436
29.10.1996;-0.0006648913927914794
30.10.1996;0.0012221048052243751
31.10.1996;-0.0007882898478945556
01.11.1996;0.002609327328703364
04.11.1996;-0.00017249823229286776
05.11.1996;-0.001594141255570378
06.11.1996;0.0034192733540450403
07.11.1996;0.0013202151015607273
08.11.1996;-0.0004116719797258015
11.11.1996;0.0006393737939039842
12.11.1996;0.0025558373143866864
13.11.1996;0.002139279465815664
14.11.1996;-0.0003002388734479577
15.11.1996;0.0029802190801576627
18.11.1996;0.0012623873767323443
19.11.1996;0.003096945238949777
20.11.1996;0.0009697522170745302
21.11.1996;0.0005458827579847953
22.11.1996;-0.00029732890829028405
25.11.1996;0.001080705873286123
26.11.1996;0.0020878920820983802
27.11.1996;-0.003857131571443238
29.11.1996;0.00024101974272290063
02.12.1996;-0.003105930727074652
03.12.1996;0.0012898901093164662
04.12.1996;-0.002323935728847901
05.12.1996;0.00040719698339397267
06.12.1996;-0.005710678105519815
09.12.1996;0.0026238730994530496
10.12.1996;0.0015827031714450487
11.12.1996;-0.0013591513149923227
12.12.1996;0.00014771859410590664
13.12.1996;-0.001237274361661162
16.12.1996;-0.0006340983460520993
17.12.1996;-0.0037232473369127085
18.12.1996;5,24E+11
19.12.1996;0.003215594101750763
20.12.1996;0.002596118320948831
23.12.1996;0.0025219890662394255
24.12.1996;0.0021611056261502818
26.12.1996;0.003345294375650165
27.12.1996;0.0026974387208096905
30.12.1996;4,03E+11
31.12.1996;-0.00037093509304280477
02.01.1997;-0.002479545387384025
03.01.1997;-0.0016344942297348202
06.01.1997;-0.0008359185530705427
07.01.1997;0.0022733305141955126
08.01.1997;-0.0015377368843758404
09.01.1997;0.003340099678287224
10.01.1997;0.0022927648394295884
13.01.1997;-0.000342635078247712
14.01.1997;-0.0020134376760734757
15.01.1997;0.0010491448469029745
16.01.1997;0.0012848605785565597
17.01.1997;-4,82E+10
20.01.1997;-0.0029614525023464915
21.01.1997;0.0006589371088309103
22.01.1997;0.0013270364436841356
23.01.1997;1,19E+11
24.01.1997;0.0027999980499418074
27.01.1997;0.00046198084995626235
28.01.1997;-0.0025020371283090113
29.01.1997;0.00020569770304735484
30.01.1997;-0.001585006317683158
31.01.1997;-0.0033339930022078254
03.02.1997;0.0010531884166518567
04.02.1997;0.000987814140917585
05.02.1997;-0.0038241096588055544
06.02.1997;-0.0018970064784581296
07.02.1997;0.004430330941805409
10.02.1997;0.0036904753765186
11.02.1997;0.0006078967116977224
12.02.1997;0.0012219649544116052
13.02.1997;-0.00025550723439381965
14.02.1997;0.001964272278751759
18.02.1997;-0.0007525660003403533
19.02.1997;-0.002409975385329271
20.02.1997;0.003336680245053481
21.02.1997;0.002155351036417212
24.02.1997;0.0022195980362059186
25.02.1997;-0.0027339089276405613
26.02.1997;-0.0005955616972615433
27.02.1997;0.0046304028450974795
28.02.1997;0.0005963875422782146
03.03.1997;-0.003468090834895155
04.03.1997;-0.0025710828467258497
05.03.1997;-0.003999224584838167
06.03.1997;-0.0015682351037635276
07.03.1997;0.0014354844381997856
10.03.1997;-0.0014558184230456647
11.03.1997;0.0012059863374827388
12.03.1997;-0.00029131301323602
13.03.1997;0.0001313753961986405
14.03.1997;0.00025594860655870087
17.03.1997;0.0026954272333904626
18.03.1997;-0.0025577189069819987
19.03.1997;-0.00044401173756966465
20.03.1997;-0.003277255032270678
21.03.1997;0.0003107834319285032
24.03.1997;-0.0024285781980763485
25.03.1997;0.000712236933039804
26.03.1997;-0.00040934907122152264
27.03.1997;-0.0014148189644712984
31.03.1997;0.004579651809622659
01.04.1997;-0.005700840660027028
02.04.1997;0.0015937598355754796
03.04.1997;-0.006621038079579478
04.04.1997;-0.0037967072073873047
07.04.1997;0.0006484728225502586
08.04.1997;-0.0016577473617994476
09.04.1997;0.00017985291410863372
10.04.1997;0.002691001084947458
11.04.1997;-0.0017903595754273794
14.04.1997;-0.003923409487071447
15.04.1997;0.001738472089875537
16.04.1997;0.0020525388055779017
17.04.1997;-0.00016314641258381116
18.04.1997;0.00024731287697841986
21.04.1997;4,52E+09
22.04.1997;-0.002223895720291938
23.04.1997;-0.0002860755097291905
24.04.1997;0.00044768024895086177
25.04.1997;0.0013003539176407323
28.04.1997;-0.0026263457852172913
29.04.1997;-0.0018264280738697104
30.04.1997;0.0008323303615463316
01.05.1997;0.0010013010792323342
02.05.1997;0.002512213749602453
05.05.1997;0.003745377861040997
06.05.1997;0.003615142345030121
07.05.1997;-0.001473885847149455
08.05.1997;0.00010738431946333803
09.05.1997;0.002004968011156243
12.05.1997;0.0010332721957472522
13.05.1997;0.002897671508418815
14.05.1997;0.0004302776769526803
15.05.1997;-9,58E+10
16.05.1997;0.000997932403433269
19.05.1997;0.0007645273060393977
20.05.1997;-0.007807872541657588
21.05.1997;0.003211296173316883
22.05.1997;-0.0007956460578754403
23.05.1997;0.0027983059138263705
27.05.1997;0.0012224047364921638
28.05.1997;-0.0013574349744895932
29.05.1997;0.0020098664992228565
30.05.1997;0.0006949319656528283
02.06.1997;-0.00045360856756009624
03.06.1997;0.0038835184811504514
04.06.1997;-0.0031308420893513965
05.06.1997;0.00019595192180794083
06.06.1997;-0.0014991347376305615
09.06.1997;-0.0014031789717191367
10.06.1997;-0.0004198693313197826
11.06.1997;-0.001967057430991527
12.06.1997;0.0028881143731454267
13.06.1997;0.000800021094752796
16.06.1997;-0.0008040041353859573
17.06.1997;-0.0008532610114482505
18.06.1997;7,00E+10
19.06.1997;-0.002073478278538314
20.06.1997;0.0002054761684823236
23.06.1997;0.0030169505124769134
24.06.1997;-0.0006118277360314557
25.06.1997;-1,18E+11
26.06.1997;0.0012281819580788438
27.06.1997;0.0026160757610118293
30.06.1997;-0.002703719473612332
01.07.1997;-0.0021582967466266005
02.07.1997;0.001978338844063064
03.07.1997;0.002351604490648121
07.07.1997;-0.0004236322101767168
08.07.1997;0.0025806924923687112
09.07.1997;-0.002376519444780163
10.07.1997;0.0027631686809594783
11.07.1997;0.0015012539394671537
14.07.1997;-0.0007598039349648205
15.07.1997;-0.00040743596847436737
16.07.1997;0.0009502624062002769
17.07.1997;-0.00016300106605406854
18.07.1997;-0.003287037732072639
21.07.1997;-0.003126568592785422
22.07.1997;-2,96E+11
23.07.1997;-0.0010519791679098386
24.07.1997;-0.0009397675540586026
25.07.1997;0.00298054731340502
28.07.1997;0.0034536785543008664
29.07.1997;0.0018379107834596532
30.07.1997;0.0015265137927604393
31.07.1997;0.0006976883628213135
01.08.1997;0.0006134886607397291
04.08.1997;0.0012203148914908778
05.08.1997;0.0032245629738616656
06.08.1997;0.0031954710180945815
07.08.1997;0.0020530311223204596
08.08.1997;-0.005837653030637503
11.08.1997;0.0036711876566338855
12.08.1997;-0.00017848164125860392
13.08.1997;-0.0010145527736239667
14.08.1997;-9,20E+09
15.08.1997;0.0010979247274046666
18.08.1997;0.0005017765713864453
19.08.1997;0.0019782453145317106
20.08.1997;-0.00045941338699176967
21.08.1997;0.00028165720748380254
22.08.1997;0.002663769238301101
25.08.1997;0.005068923388668212
26.08.1997;-0.000947401645955113
27.08.1997;0.0009644554920089838
28.08.1997;0.0009433266695421277
29.08.1997;-0.00201221233523737
02.09.1997;0.003055233654278032
03.09.1997;0.0016950793422841
04.09.1997;-0.00014801814235796133
05.09.1997;-0.0005263888136016663
08.09.1997;0.00246740913070307
09.09.1997;7,20E+10
10.09.1997;-0.0014134990993429342
11.09.1997;0.0020176744178550077
12.09.1997;0.0031679512337884877
15.09.1997;-0.0002020369446382559
16.09.1997;-0.00015005845054313904
17.09.1997;-0.0038664641181882565
18.09.1997;0.004782655483050137
19.09.1997;0.0018386819669101752
22.09.1997;0.00019463342351787826
23.09.1997;-0.0017587082306920378
24.09.1997;0.004388051540348592
25.09.1997;0.0017908080005559573
26.09.1997;-0.001287220559626077
29.09.1997;0.0022463266676359507
30.09.1997;0.00529498704027274
01.10.1997;-0.002992986204523294
02.10.1997;0.0011408888458442354
03.10.1997;-0.004212245201383908
06.10.1997;-0.0026431731252732735
07.10.1997;-0.001603111980492373
08.10.1997;-0.008010772622577643
09.10.1997;0.003687287741517462
10.10.1997;0.0009493836471867994
13.10.1997;0.0026789542679080715
14.10.1997;-0.0019297134088380298
15.10.1997;0.0010576713643000344
16.10.1997;0.0013906971202156254
17.10.1997;-0.0003668173424634864
20.10.1997;0.003302744130532485
21.10.1997;-0.0006007793442289721
22.10.1997;-0.00014081928073187604
23.10.1997;-0.001895433936422066
24.10.1997;0.00305850204045215
27.10.1997;-0.0015271484759454266
28.10.1997;-0.011281382381002517
29.10.1997;-0.0037454657591584556
30.10.1997;-0.0002475156954938537
31.10.1997;0.0021608069248333656
03.11.1997;-0.0007243364973690113
04.11.1997;-0.002508742155888393
05.11.1997;-0.00277333172310332
06.11.1997;0.0024055327877389103
07.11.1997;-0.0011242536812376635
10.11.1997;0.0018784511846456492
11.11.1997;0.0013387821041128492
12.11.1997;0.0027636760741134754
13.11.1997;-0.002269595134423762
14.11.1997;-0.001733523744496548
17.11.1997;0.00036743473628114785
18.11.1997;-0.002276614725480652
19.11.1997;-0.002248788239565638
20.11.1997;0.0016735066715229045
21.11.1997;-0.0010018856979531797
24.11.1997;0.0032967277072799817
25.11.1997;-0.0004093986492083639
26.11.1997;0.0010734287075406907
28.11.1997;0.003731361746138045
01.12.1997;-0.002541954994184214
02.12.1997;-0.0019307194726239192
03.12.1997;0.0012465301477084206
04.12.1997;-0.00162131523252277
05.12.1997;0.0026033386710154196
08.12.1997;0.0006883595002764662
09.12.1997;0.0018140694800337276
10.12.1997;0.0003909801270575489
11.12.1997;-0.0005890875305378639
12.12.1997;0.0010869634697020082
15.12.1997;0.004467181424981405
16.12.1997;-0.0029212902464106913
17.12.1997;0.0021541147544574387
18.12.1997;0.0010961903985061555
19.12.1997;0.0002887162309534201
22.12.1997;0.006718157652649588
23.12.1997;0.0005580727804408228
24.12.1997;0.0006719039677132694
26.12.1997;-0.003972361025396594
29.12.1997;0.0007738602011506442
30.12.1997;0.002088797134209127
31.12.1997;0.005975610853770485
02.01.1998;0.0004614818753148791
05.01.1998;-0.004809716258865535
06.01.1998;0.0020711443656148227
07.01.1998;-0.000983889279952142
08.01.1998;-0.00044495293374891844
09.01.1998;-0.00277373661180433
12.01.1998;-0.0007484496793249426
13.01.1998;-0.0027868065351901927
14.01.1998;-0.0026924162017647945
15.01.1998;0.0019474547539139386
16.01.1998;2,63E+11
20.01.1998;-0.00233601292744798
21.01.1998;0.0005222573458746999
22.01.1998;0.0017015583999689052
23.01.1998;0.0001522472398566984
26.01.1998;-0.0020384126731794825
27.01.1998;-0.0028857004336244516
28.01.1998;-0.0012972540456392737
29.01.1998;-0.004393517147926457
30.01.1998;0.0020881007584795984
02.02.1998;0.0012657498769357333
03.02.1998;0.002810267768607243
04.02.1998;-0.0008404985186913785
05.02.1998;0.00339362352673427
06.02.1998;0.0021263961958719545
09.02.1998;-0.001316947528332466
10.02.1998;0.005301503033496943
11.02.1998;-1,10E+10
12.02.1998;0.006444466138751056
13.02.1998;0.0021925221602330743
17.02.1998;0.003110191678473669
18.02.1998;0.00012231637760776876
19.02.1998;-6,65E+10
20.02.1998;0.0022513143862646252
23.02.1998;-0.0010623046583407554
24.02.1998;-0.002049947991621511
25.02.1998;0.003363630441462354
26.02.1998;-0.001512938192087763
27.02.1998;0.004147421860553598
02.03.1998;0.0006048431392421073
03.03.1998;-0.00011849142478499806
04.03.1998;0.002917684799433252
05.03.1998;-0.003484554934278028
06.03.1998;0.00356514614115442
09.03.1998;-0.0002263467575966369
10.03.1998;0.005365590102318195
11.03.1998;0.0012732270206938887
12.03.1998;-0.0015095982496333721
13.03.1998;-0.0006854959553268932
16.03.1998;0.0008880392194621708
17.03.1998;1,83E+10
18.03.1998;-0.003806101691329877
19.03.1998;-0.00044859958020877343
20.03.1998;0.005515856612420072
23.03.1998;0.004785898374573285
24.03.1998;1,21E+11
25.03.1998;0.0017562544864602185
26.03.1998;0.0005632780278621722
27.03.1998;-0.0019326484090530967
30.03.1998;0.004849511203910247
31.03.1998;0.0063098329989278844
01.04.1998;-0.0010889479374597826
02.04.1998;0.0018886840188996228
03.04.1998;0.0009354282750187644
06.04.1998;-0.0019182467392326995
07.04.1998;-0.0014234712495936027
08.04.1998;-0.0023179082713351814
09.04.1998;0.00018626147395637074
13.04.1998;-0.004790151453161137
14.04.1998;0.004345328189730878
15.04.1998;0.002963654820730139
16.04.1998;-0.0002190618766286759
17.04.1998;-0.0016483219375642666
20.04.1998;0.0003842785631340286
21.04.1998;0.001641087457093759
22.04.1998;0.00016222623379408046
23.04.1998;-0.0036375630791184973
24.04.1998;-0.004490028346877251
27.04.1998;-0.00845081387708654
28.04.1998;0.0010261662504795004
29.04.1998;-0.0006990540030977748
30.04.1998;0.0034422826922555477
01.05.1998;-0.0017726488555502864
04.05.1998;0.0023976045465141415
05.05.1998;0.00264167167795629
06.05.1998;-0.001872452506533776
07.05.1998;-0.0023508351574960517
08.05.1998;-0.0008686936833420728
11.05.1998;0.0029685639866017855
12.05.1998;-0.005439550232764047
13.05.1998;0.0013865133008339227
14.05.1998;-0.00371982849434843
15.05.1998;-0.00025240966227297484
18.05.1998;-0.003775303844747999
19.05.1998;-0.0027108284224129997
20.05.1998;0.001240545517964739
21.05.1998;0.00027123099502725755
22.05.1998;-0.0008531748841600511
26.05.1998;-0.002963921954367931
27.05.1998;0.0006419339960860874
28.05.1998;0.0042926137447937135
29.05.1998;0.003946828893333551
01.06.1998;0.005269162845336971
02.06.1998;-0.001873855655988074
03.06.1998;0.0012748110220826329
04.06.1998;0.0011225118994827882
05.06.1998;0.00182344076575482
08.06.1998;-0.0015979097866294888
09.06.1998;-3,98E+10
10.06.1998;-0.002263764530512348
11.06.1998;-0.0021637119223573797
12.06.1998;-0.00314701802243858
15.06.1998;-0.003873225943840405
16.06.1998;0.0006360141993507294
17.06.1998;-0.005212395039657632
18.06.1998;-0.0023642693382522374
19.06.1998;-0.005000202931007407
22.06.1998;-0.0015384689166056886
23.06.1998;0.0020042191763437345
24.06.1998;-0.0011905839092402435
25.06.1998;-0.0021669981774581257
26.06.1998;0.0028403324457170853
29.06.1998;0.0022097661249472697
30.06.1998;0.00022603325495880932
01.07.1998;0.0012424848503808416
02.07.1998;-0.0017197377744031178
06.07.1998;0.0009709142383562558
07.07.1998;-7,73E+09
08.07.1998;0.00038034193097678825
09.07.1998;-0.002963100550655202
10.07.1998;-0.0010591433876891516
13.07.1998;-0.001286750603615188
14.07.1998;0.0019563643091068013
15.07.1998;9,89E+10
16.07.1998;0.0012181132434008436
17.07.1998;-0.0022510681985434466
20.07.1998;0.0002592682717911666
21.07.1998;-0.0005786171507129252
22.07.1998;0.0014296894966639617
23.07.1998;0.0013688745830615296
24.07.1998;-0.001719925603863043
27.07.1998;-0.0018521991243564658
28.07.1998;-0.0005472527548177884
29.07.1998;0.001083021984883833
30.07.1998;0.0017370232182568105
31.07.1998;-0.004982375456203185
03.08.1998;0.0003300142171839939
04.08.1998;0.0018597332870675157
05.08.1998;0.0008149652723934913
06.08.1998;-0.002854756606300581
07.08.1998;0.0034826761600455737
10.08.1998;0.0011307332453514827
11.08.1998;-0.0005064295241375642
12.08.1998;0.004299859330909266
13.08.1998;-0.0024534624508651295
14.08.1998;6,47E+09
17.08.1998;0.00010604313006249018
18.08.1998;-0.002417629346405263
19.08.1998;0.0005311337135377571
20.08.1998;0.00031827412179566503
21.08.1998;-0.00022611239487743857
24.08.1998;0.0015705588966047803
25.08.1998;6,43E+10
26.08.1998;0.000851604544024771
27.08.1998;-0.003187002149850106
28.08.1998;0.00035564910858178634
31.08.1998;0.0032497219670148602
01.09.1998;-0.0031773892918173655
02.09.1998;-0.00280894719889993
03.09.1998;0.0049230842638873975
04.09.1998;0.002981051763739504
08.09.1998;-0.0009871778216096355
09.09.1998;0.005844644059197759
10.09.1998;-0.0019233086606173003
11.09.1998;-0.003636793454473203
14.09.1998;-0.00032156052309809547
15.09.1998;-0.0006350208633531945
16.09.1998;-0.0003945637583622867
17.09.1998;-0.001235042934404388
18.09.1998;0.005629011223253594
21.09.1998;-0.001062020347477685
22.09.1998;-0.002200060734768446
23.09.1998;-0.0025909674898241825
24.09.1998;0.0010805196458364258
25.09.1998;-0.0011057459982026963
28.09.1998;0.0005172584541054894
29.09.1998;0.002067890175764436
30.09.1998;0.0004818478528833838
01.10.1998;0.0010055805633193368
02.10.1998;0.0022468804544549057
05.10.1998;0.006249401623525431
06.10.1998;-0.0008630658081126195
07.10.1998;0.0031917077572033055
08.10.1998;-0.0029836087523373135
09.10.1998;-0.004621278424980297
12.10.1998;-0.004073860906577306
13.10.1998;0.0001929023461210216
14.10.1998;0.00280047838198576
15.10.1998;-0.004296029105793118
16.10.1998;-0.0020683450869534367
19.10.1998;0.0011366818950501313
20.10.1998;-0.00016017564957755042
21.10.1998;-0.00153738276909427
22.10.1998;0.000845522710114857
23.10.1998;-0.0012153475626746075
26.10.1998;-0.0018621623896799724
27.10.1998;0.005152597814643273
28.10.1998;0.0027982364293636488
29.10.1998;-0.0007981969484113175
30.10.1998;0.0020736464325025942
02.11.1998;0.00113213594064813
03.11.1998;0.002650323880098953
04.11.1998;-0.0006588412094269071
05.11.1998;7,29E+10
06.11.1998;0.0018022301561007336
09.11.1998;0.0010771384405747746
10.11.1998;0.006567158080925844
11.11.1998;-0.00026996112132903535
12.11.1998;0.00634298934674786
13.11.1998;-0.002040918196053778
16.11.1998;-0.0002614540710151943
17.11.1998;-0.002572493610391663
18.11.1998;-0.0005723200654483559
19.11.1998;0.0006571659318885216
20.11.1998;0.001141866398338632
23.11.1998;0.0011527400578756949
24.11.1998;-0.0013122770923175947
25.11.1998;-0.002678383042758392
27.11.1998;-0.00263232932931415
30.11.1998;-0.006529079263735748
01.12.1998;0.0025152399731302967
02.12.1998;0.0033700341832323295
03.12.1998;0.001148550054575738
04.12.1998;0.005893206023871346
07.12.1998;-0.0035548817873648
08.12.1998;0.00042501280209622776
09.12.1998;8,61E+10
10.12.1998;-0.005579162388429713
11.12.1998;-0.001128199445080661
14.12.1998;-0.004286292388708805
15.12.1998;-0.00381600932060808
16.12.1998;0.001982135540132079
17.12.1998;0.002806302821888854
18.12.1998;-0.0015794364159310067
21.12.1998;-0.0014611239741337688
22.12.1998;0.002034998689036279
23.12.1998;0.0019320559147949338
24.12.1998;0.0008705424081600727
28.12.1998;0.00036718936208624486
29.12.1998;0.008072092489256309
30.12.1998;0.0011067188705377322
31.12.1998;0.0011349009383709984
04.01.1999;-7,64E+10
05.01.1999;0.0005477487591444911
06.01.1999;-0.003280805883185524
07.01.1999;-0.0035786315021138475
08.01.1999;0.002239274390564659
11.01.1999;-0.00046375354912414537
12.01.1999;0.0007029705980515265
13.01.1999;0.0005727920797569774
14.01.1999;-0.00558669809236095
15.01.1999;-0.0011738447338223556
19.01.1999;-0.001361226558960774
20.01.1999;0.0002971413762993041
21.01.1999;-4,72E+10
22.01.1999;-0.000975439692205747
25.01.1999;0.0014164091105886719
26.01.1999;0.00038664217331158294
27.01.1999;-0.0027447084166120346
28.01.1999;-0.00034930145945058955
29.01.1999;-0.0032021271815900615
01.02.1999;0.001640897563995423
02.02.1999;0.0008984166782998535
03.02.1999;-0.0035911205663805585
04.02.1999;0.0020362979684810036
05.02.1999;0.003377565257840224
08.02.1999;0.002700492265843304
09.02.1999;-0.0010457971027223695
10.02.1999;0.0008739715915614245
11.02.1999;-0.003996133178904096
12.02.1999;-0.004918352871070836
16.02.1999;-0.002263085860350459
17.02.1999;0.0026585392613335023
18.02.1999;0.0019700143135380046
19.02.1999;-0.001197044940515644
22.02.1999;-0.00146397224772678
23.02.1999;-0.0007577095654978999
24.02.1999;-0.0025695116003102494
25.02.1999;-0.004724787442849725
26.02.1999;-0.004622658141755732
01.03.1999;-0.009116683313941276
02.03.1999;0.004698053103709272
03.03.1999;-0.003956783185389873
04.03.1999;0.0023882478094684363
05.03.1999;0.003953995102852804
08.03.1999;-0.0014979709997797498
09.03.1999;-0.007405642537561512
10.03.1999;-0.0013802002543193462
11.03.1999;0.005952931068540354
12.03.1999;0.0024836887764150026
15.03.1999;-0.0020621821890109086
16.03.1999;8,21E+10
17.03.1999;-0.0008460121995647067
18.03.1999;-0.0011818557155860116
19.03.1999;-0.0017829491437951536
22.03.1999;-0.0017295488491761758
23.03.1999;-0.005093873194382649
24.03.1999;0.0037397520133333373
25.03.1999;-0.0034663249030739427
26.03.1999;-0.0068594344639787905
29.03.1999;-0.0032025494370603934
30.03.1999;-0.006417391299984465
31.03.1999;-0.0017349429694192532
01.04.1999;0.002836161066522798
05.04.1999;0.001102247728178126
06.04.1999;-0.002581488815816873
07.04.1999;-0.003449348991439227
08.04.1999;0.00022808696774791496
09.04.1999;-0.0010723985425799675
12.04.1999;0.0007376484537701834
13.04.1999;0.0005922976117821487
14.04.1999;0.002321128425928653
15.04.1999;0.003906691135376346
16.04.1999;0.006780879017361893
19.04.1999;0.009287858743638161
20.04.1999;0.001470087773320281
21.04.1999;-0.0015088137618787627
22.04.1999;0.0019568569487396145
23.04.1999;0.002163573704187576
26.04.1999;0.0020417594765209587
27.04.1999;0.0010996037188277493
28.04.1999;-0.0014943461517546177
29.04.1999;-0.0011383966665496994
30.04.1999;-0.0006256713447788723
03.05.1999;0.004183492342209241
04.05.1999;0.0024406450506899977
05.05.1999;0.0014432808256681646
06.05.1999;0.006356819095365802
07.05.1999;-0.0015953500653816594
10.05.1999;-0.00017872719528737248
11.05.1999;0.002326294986456717
12.05.1999;0.004040509417692136
13.05.1999;0.0027107487417069934
14.05.1999;-0.0017425238157110726
17.05.1999;0.0012561853438804054
18.05.1999;-0.0017955607157947428
19.05.1999;0.0037357269776807896
20.05.1999;0.004983547508227982
21.05.1999;0.003959398011608984
24.05.1999;0.0018012292507672662
25.05.1999;-0.0025270768339397945
26.05.1999;-0.005219729870501434
27.05.1999;-0.004438273714122024
28.05.1999;0.0014065470184898348
01.06.1999;0.00041650152224594625
02.06.1999;0.0001059318056929597
03.06.1999;-0.001484579475817367
04.06.1999;0.002870276830585256
07.06.1999;0.002279126312999847
08.06.1999;0.0019533480396658537
09.06.1999;-0.004499148539592877
10.06.1999;-0.0020541691609204825
11.06.1999;-3,34E+10
14.06.1999;0.005556364641441831
15.06.1999;0.002827665974025822
16.06.1999;0.00048004558213817633
17.06.1999;0.0017583983402119877
18.06.1999;-0.003994497372733552
21.06.1999;-0.004029256382055537
22.06.1999;0.002753742477164032
23.06.1999;0.00109034532002242
24.06.1999;-0.0009374681586985573
25.06.1999;-0.0007332005757872228
28.06.1999;-0.001753478836095289
29.06.1999;0.0012896091036309282
30.06.1999;-0.0003330644328330769
01.07.1999;0.001774948360804653
02.07.1999;0.001008080954458522
06.07.1999;-0.002333520347842055
07.07.1999;0.001660603646850947
08.07.1999;-5,69E+10
09.07.1999;-0.0001198134187082138
12.07.1999;-0.0007910043389872491
13.07.1999;0.005634640932079851
14.07.1999;0.0006008587424643936
15.07.1999;0.0004954002776174155
16.07.1999;0.0016952182834176753
19.07.1999;-0.001651995959057589
20.07.1999;-0.005810970245037999
21.07.1999;0.00243633786335628
22.07.1999;0.0009076768094023763
23.07.1999;-0.0024973442681186266
26.07.1999;0.0013909604334477418
27.07.1999;-0.0014174722256544414
28.07.1999;-0.0029890160446893544
29.07.1999;-0.0072312879853088366
30.07.1999;0.00039284198010025497
02.08.1999;-0.00020352939384093733
03.08.1999;0.004236383883254325
04.08.1999;-0.001755774094123652
05.08.1999;-0.0011401790198664829
06.08.1999;-0.003428817461583718
09.08.1999;0.00028542463407875505
10.08.1999;-0.004654954326376403
11.08.1999;0.0009144563642640224
12.08.1999;-0.004835332124417637
13.08.1999;-6,00E+11
16.08.1999;-0.0014424850032725444
17.08.1999;0.001160092438096795
18.08.1999;-0.0027117030142125888
19.08.1999;0.0029206779281336368
20.08.1999;0.0042980054061705466
23.08.1999;0.0015170058598588207
24.08.1999;-0.0017942287010664234
25.08.1999;0.006697943944465011
26.08.1999;0.0028360180131311733
27.08.1999;-0.0011201140574550758
30.08.1999;-0.004072444852196549
31.08.1999;-0.0024170942386093353
01.09.1999;0.0003135990240627721
02.09.1999;-0.003269545181262457
03.09.1999;0.0025370445837420066
07.09.1999;-0.00021083455988642826
08.09.1999;-0.0016204815507066398
09.09.1999;0.0013827384955587484
10.09.1999;0.0006785098733521125
13.09.1999;-0.0008736337484196856
14.09.1999;-0.0030824413292281946
15.09.1999;0.001754350963216912
16.09.1999;-0.007027967165517268
17.09.1999;-0.004282014956038004
20.09.1999;-7,20E+10
21.09.1999;-0.007564905891330125
22.09.1999;-0.004608115472370078
23.09.1999;-0.0075604056021384754
24.09.1999;-0.004193556956216683
27.09.1999;0.0032366061065992407
28.09.1999;-0.010676263056521192
29.09.1999;-0.0005406993410866519
30.09.1999;0.0012294125543136718
01.10.1999;-0.0014962152284713158
04.10.1999;-0.0011560467676587282
05.10.1999;-0.002095619014188893
06.10.1999;-0.0010433291286679452
07.10.1999;-0.0007820735667313223
08.10.1999;0.00039247685060842777
11.10.1999;-0.002610937449523921
12.10.1999;-0.0016230073096268264
13.10.1999;0.0019778594723370846
14.10.1999;-0.0011361904769810387
15.10.1999;-5,50E+10
18.10.1999;-0.0008901495391489735
19.10.1999;-0.00427655742917065
20.10.1999;-0.002053138471700953
21.10.1999;-0.0007213765336122591
22.10.1999;-0.003861743234950546
25.10.1999;-0.0011216911277025588
26.10.1999;-0.0013340352088406131
27.10.1999;0.001616879182763486
28.10.1999;-0.001033040618623209
29.10.1999;0.001184038358171702
01.11.1999;-0.003821814820360875
02.11.1999;0.004012661562195488
03.11.1999;0.0011105938037903316
04.11.1999;-0.0024301009314338373
05.11.1999;-0.004277097120305483
08.11.1999;0.0025280218580499766
09.11.1999;-0.005465952404375059
10.11.1999;0.0018235886720973885
11.11.1999;-0.0019029601830719898
12.11.1999;-0.007353026901173574
15.11.1999;-0.0014937805695107525
16.11.1999;-0.0013818520012281402
17.11.1999;0.003229238237136471
18.11.1999;0.0013404209236270248
19.11.1999;-0.0034728335401441315
22.11.1999;-0.006465120539897702
23.11.1999;-0.0016868638383472033
24.11.1999;0.0034823008469539356
26.11.1999;-0.0021330742593557656
29.11.1999;0.0009670167324499742
30.11.1999;0.0009051845510527737
01.12.1999;-0.0008285594065379677
02.12.1999;-0.0009399551600458576
03.12.1999;0.0008066610684892691
06.12.1999;-7,29E+10
07.12.1999;-0.0016087394046182851
08.12.1999;-0.0015698811324674734
09.12.1999;-0.003552942676119104
10.12.1999;-0.002537186752041857
13.12.1999;-0.003288602045672213
14.12.1999;0.004392312476815075
15.12.1999;-0.002264912563213658
16.12.1999;-0.0031500320793642006
17.12.1999;0.0005515502141006925
20.12.1999;-0.002654893321495052
21.12.1999;-0.00398765097860447
22.12.1999;0.003451135542427413
23.12.1999;0.0018403934199913174
27.12.1999;0.0006588822815173962
28.12.1999;0.0029653218240290645
29.12.1999;-0.003616160354238662
30.12.1999;0.00458933053006576
31.12.1999;0.0018493948402600747
03.01.2000;-0.008277741372064603
04.01.2000;-0.001829280645941977
05.01.2000;0.005175555367100689
06.01.2000;-0.0028534139031660454
07.01.2000;-0.002626701613623819
10.01.2000;-0.003101253460077439
11.01.2000;0.005819868917858906
12.01.2000;-0.001355879540147674
13.01.2000;-0.0041894727208463475
14.01.2000;-0.008374373233914299
18.01.2000;-0.003972146507138072
19.01.2000;0.0021792721373584557
20.01.2000;-0.0021799944232307523
21.01.2000;-0.0007049966249383626
24.01.2000;0.0006938239392814318
25.01.2000;-0.011185136274374292
26.01.2000;-0.002838245605164511
27.01.2000;0.002279660419802206
28.01.2000;-0.0018177137420309552
31.01.2000;-0.0016373169562633487
01.02.2000;-0.002468133896317599
02.02.2000;0.0007826119831757059
03.02.2000;-0.0022861092384088943
04.02.2000;-0.005775237547715093
07.02.2000;-0.004409432262246754
08.02.2000;-0.0022116338749685075
09.02.2000;-0.0008365132129112365
10.02.2000;-0.006779714459665357
11.02.2000;-0.0035415016880146234
14.02.2000;-0.0012155515039493558
15.02.2000;-0.0026314417485765454
16.02.2000;0.0001397870164482856
17.02.2000;0.0002766323298421308
18.02.2000;0.004111630896068739
22.02.2000;-0.0038392899919760344
23.02.2000;-0.0027904671701305655
24.02.2000;-0.00622727745584544
25.02.2000;0.0007055361857258493
28.02.2000;0.0021078857575309567
29.02.2000;-0.0025902425787206118
01.03.2000;0.005336457942517275
02.03.2000;0.0026865582450847887
03.03.2000;-6,40E+09
06.03.2000;-0.0015219555416107074
07.03.2000;-0.0006809898401154593
08.03.2000;0.0024874794425463432
09.03.2000;0.0010251501622485976
10.03.2000;-0.004399788140055316
13.03.2000;0.0035246023378107966
14.03.2000;-0.003048852216979559
15.03.2000;0.0025359613533440465
16.03.2000;-0.0024945107678287885
17.03.2000;0.0027485847607287882
20.03.2000;0.00838395248012901
21.03.2000;-0.00475476420983354
22.03.2000;-0.003052442322742216
23.03.2000;-0.002446713067570457
24.03.2000;-0.0019485822155735017
27.03.2000;0.004292848270117097
28.03.2000;-0.002224776529676865
29.03.2000;0.0016474207707188658
30.03.2000;0.0020667717203820234
31.03.2000;-0.00013642050604794047
03.04.2000;-0.002808141026361877
04.04.2000;0.003544865453334792
05.04.2000;0.00020761477312292598
06.04.2000;0.0034901780382765434
07.04.2000;-0.0003863205173137832
10.04.2000;0.004370638957861744
11.04.2000;0.002124224577541518
12.04.2000;0.0026543644540892456
13.04.2000;0.0024875578874239577
14.04.2000;-0.000984457603155936
17.04.2000;-0.007221134184932782
18.04.2000;-0.004334824247031466
19.04.2000;0.0070731247318237146
20.04.2000;0.0023894470113889547
24.04.2000;0.0005773496200741435
25.04.2000;0.00377479247153395
26.04.2000;0.0028286280000702135
27.04.2000;-0.006702491996590794
28.04.2000;-0.00324623319031665
01.05.2000;0.0026251678017778315
02.05.2000;0.00026023395695989925
03.05.2000;0.0028668375414985575
04.05.2000;0.002596771374280303
05.05.2000;-0.001945443348035378
08.05.2000;0.0018298964739092653
09.05.2000;0.0029510451914387904
10.05.2000;0.0017045005134989147
11.05.2000;0.005648879617457196
12.05.2000;0.0026322986482228876
15.05.2000;0.002446033970723663
16.05.2000;0.001237144179353563
17.05.2000;-0.001051118173111403
18.05.2000;0.002387406771591391
19.05.2000;0.0009318226759305404
22.05.2000;0.0006068856237355113
23.05.2000;0.0002789581874186155
24.05.2000;-0.0016325980811789033
25.05.2000;1,67E+10
26.05.2000;0.0019783790558301527
30.05.2000;-0.004486607398518488
31.05.2000;0.00033108945938939687
01.06.2000;-0.001552583017156666
02.06.2000;-0.007203772436826237
05.06.2000;0.0020360510579332204
06.06.2000;0.010286567003803098
07.06.2000;-0.00272444828660928
08.06.2000;0.0033226808866004235
09.06.2000;0.0011428654973210024
12.06.2000;-0.00029484574147798986
13.06.2000;-0.005553828174381089
14.06.2000;-0.0009719291492964069
15.06.2000;-0.001913025800652109
16.06.2000;-0.0019809187937659747
19.06.2000;-0.0009408955035722041
20.06.2000;-0.002210420750854522
21.06.2000;0.00024637960181347137
22.06.2000;0.0011675179165967406
23.06.2000;-0.0008286066425127113
26.06.2000;-0.0026102640101074237
27.06.2000;-0.005989897321917536
28.06.2000;0.0014310064415893923
29.06.2000;-0.0016537062038659532
30.06.2000;-0.007901856657343026
03.07.2000;0.005472135924193067
05.07.2000;-0.003087291158337787
06.07.2000;-0.0028708199840744293
07.07.2000;-0.0007798106703020965
10.07.2000;0.002570340927981297
11.07.2000;0.0036880451114206956
12.07.2000;0.004583660413892885
13.07.2000;0.002683178802891038
14.07.2000;0.0019976669205698985
17.07.2000;-0.00185906172113407
18.07.2000;0.00024519371093139264
19.07.2000;0.0022282566213948068
20.07.2000;-0.005713969721510831
21.07.2000;-0.003168346605195404
24.07.2000;-0.0023292458746771803
25.07.2000;-0.0024614719396075894
26.07.2000;-0.001325668223054164
27.07.2000;0.0020220530873591215
28.07.2000;0.00712777443483536
31.07.2000;-0.0015724495411756744
01.08.2000;0.017714087235568065
02.08.2000;0.0015788598638799495
03.08.2000;-0.00448313921709857
04.08.2000;0.006794401843835245
07.08.2000;-0.0006590138899041711
08.08.2000;0.0010803661340497398
09.08.2000;-0.00559104298137926
10.08.2000;0.005730138175253555
11.08.2000;0.0011802971559841465
14.08.2000;-0.00012073834101984648
15.08.2000;0.0005046603537044972
16.08.2000;0.007446506929284772
17.08.2000;-0.0016647554669004662
18.08.2000;0.0011711694514969255
21.08.2000;0.0015960777752489427
22.08.2000;0.0018809882273558222
23.08.2000;-0.001996655343838748
24.08.2000;-0.002684508580658292
25.08.2000;5,77E+10
28.08.2000;0.0011555744282027514
29.08.2000;-0.003951527837054965
30.08.2000;0.001200583883463214
31.08.2000;-0.001463761265948089
01.09.2000;0.0006176681683507418
05.09.2000;0.0038611055632960475
06.09.2000;-0.002160346957242155
07.09.2000;0.0014403662192999445
08.09.2000;0.001489548196464888
11.09.2000;0.003323817114474337
12.09.2000;-0.0003717965117864229
13.09.2000;-0.002697427825466391
14.09.2000;0.0006204060242510851
15.09.2000;0.0013862507507112144
18.09.2000;-0.002172258502726023
19.09.2000;-0.008517122155650814
20.09.2000;-0.006844406805928647
21.09.2000;-0.004945073669903731
22.09.2000;0.0036770815675887247
25.09.2000;-0.0015885586399037874
26.09.2000;-7,52E+10
27.09.2000;0.00459480344962776
28.09.2000;-0.0005695783927664848
29.09.2000;0.0044976506822271166
02.10.2000;0.004384133598044076
03.10.2000;-0.0060429138078571375
04.10.2000;-0.004842608552736346
05.10.2000;0.00052317972938302
06.10.2000;0.004797162294653221
09.10.2000;0.005234020267162879
10.10.2000;0.006002045396738219
11.10.2000;-0.0026202238339324774
12.10.2000;0.0017067471707574765
13.10.2000;-0.0021547070500077302
16.10.2000;-0.002151357139342481
17.10.2000;-0.004480100010782361
18.10.2000;-0.0015121652700039196
19.10.2000;-0.005156297478260922
20.10.2000;0.0021570156983678097
23.10.2000;0.0020891599593479745
24.10.2000;-0.002808825723992644
25.10.2000;-0.0004489493014598429
26.10.2000;0.002338682590111603
27.10.2000;0.005615504351092334
30.10.2000;0.0078068291413858435
31.10.2000;-0.0002895117391996907
01.11.2000;0.0035976483127483105
02.11.2000;-0.0010450099004426382
03.11.2000;0.003611745851091079
06.11.2000;0.0023620908154347556
07.11.2000;0.0015018295113871632
08.11.2000;0.0036864000663309167
09.11.2000;-0.001259674508539593
10.11.2000;0.0007010271208283006
13.11.2000;0.0013695240233730633
14.11.2000;0.004483800893465458
15.11.2000;0.0038787424956563806
16.11.2000;0.004802550760384931
17.11.2000;0.0009872951629835529
20.11.2000;0.00240771218064273
21.11.2000;0.0055810434644544705
22.11.2000;0.0020282968325949554
24.11.2000;-0.0002647090633495226
27.11.2000;0.0012987849644437665
28.11.2000;-0.0011274415847442856
29.11.2000;-0.0001830735302546945
30.11.2000;-0.002824360519816789
01.12.2000;-4,58E+11
04.12.2000;0.004589872856943768
05.12.2000;-0.007101969956238057
06.12.2000;-0.0025997276669798247
07.12.2000;0.002752692614140393
08.12.2000;0.002085328218298876
11.12.2000;-0.008308354412367585
12.12.2000;0.004275845532015211
13.12.2000;6,55E+10
14.12.2000;0.003653457668691608
15.12.2000;-0.0014357821029497573
18.12.2000;-0.00013218425746086733
19.12.2000;0.007456482025427297
20.12.2000;0.0012120393232783752
21.12.2000;-0.0014028351901725676
22.12.2000;0.0024787875025489153
26.12.2000;0.013244526159259104
27.12.2000;0.0024139926663138645
28.12.2000;0.001413802268368854
29.12.2000;0.0032842605660818166
02.01.2001;-0.002496037619872672
03.01.2001;-0.00961908446858805
04.01.2001;-0.003993700458222033
05.01.2001;-0.001277441591685826
08.01.2001;0.0015687104557582702
09.01.2001;0.00668067931696043
10.01.2001;-0.0002787662744534961
11.01.2001;-0.0035026419569459937
12.01.2001;0.004398057157896089
16.01.2001;0.005095597640172393
17.01.2001;-0.004258261435001508
18.01.2001;0.005644930984962581
19.01.2001;0.0021590526886470936
22.01.2001;0.0038535652341425467
23.01.2001;0.0016883441139113895
24.01.2001;-0.004999770225554076
25.01.2001;-0.00010712970801796855
26.01.2001;0.00040288544546935787
29.01.2001;-0.0003239159584630326
30.01.2001;0.004636735596176039
31.01.2001;0.0016734076224064962
01.02.2001;0.002277737259077115
02.02.2001;-0.0022119530034116408
05.02.2001;5,39E+10
06.02.2001;0.004344317188558473
07.02.2001;0.0031162502052778755
08.02.2001;0.002843135296100117
09.02.2001;-0.0002698177205583056
12.02.2001;0.0007190523001359694
13.02.2001;0.004557260211370888
14.02.2001;-0.004846921965854631
15.02.2001;0.0026525072344182497
16.02.2001;-0.0011735647610258346
20.02.2001;0.0019314671802891197
21.02.2001;0.004939654585294326
22.02.2001;0.0031762572394276817
23.02.2001;-0.0006959527037978157
26.02.2001;0.002236348168224501
27.02.2001;-0.0004953896156720526
28.02.2001;-0.0009845023775315494
01.03.2001;0.00021658269346591826
02.03.2001;0.0026162998411103835
05.03.2001;0.0022618546381356795
06.03.2001;0.003778683271780023
07.03.2001;9,55E+10
08.03.2001;0.009066771873532192
09.03.2001;-0.004240093561638666
12.03.2001;-0.003049684738273825
13.03.2001;-0.005376946478370949
14.03.2001;-0.003227224126979236
15.03.2001;-0.0008346333919978311
16.03.2001;-3,99E+11
19.03.2001;0.001067117692230221
20.03.2001;0.0024875787740233353
21.03.2001;-0.0007627441315365847
22.03.2001;0.0014231182624788066
23.03.2001;-0.0022980682151374503
26.03.2001;0.001648796373146785
27.03.2001;0.004456220035149276
28.03.2001;-0.004596987152872599
29.03.2001;0.006294525343034761
30.03.2001;0.001145258106690976
02.04.2001;-0.0010362519870158174
03.04.2001;-0.0022469762794502203
04.04.2001;0.0067531582971783
05.04.2001;-0.0019373632249396746
06.04.2001;0.0032958843325181803
09.04.2001;0.0048903052824587605
10.04.2001;-0.0008864066824100614
11.04.2001;-0.00691671575289317
12.04.2001;0.00296363379063798
16.04.2001;0.0043336613012997256
17.04.2001;0.0022032190399192413
18.04.2001;0.0010031945819278729
19.04.2001;0.002757794613233727
20.04.2001;-0.0018061169737529502
23.04.2001;-0.0004333848719013805
24.04.2001;5,27E+11
25.04.2001;0.0056903413972925615
26.04.2001;0.004094698633221818
27.04.2001;-0.00020875041949756576
30.04.2001;0.0007115265587269281
01.05.2001;0.002347033146318047
02.05.2001;0.00017239840211646625
03.05.2001;-0.00495250688763159
04.05.2001;0.0028893760477184164
07.05.2001;0.00708174004721061
08.05.2001;0.0009914362900392748
09.05.2001;0.0004843742664501652
10.05.2001;0.0010928559093836793
11.05.2001;-0.0037810405864211086
14.05.2001;0.002999175007703755
15.05.2001;0.0011710594125398151
16.05.2001;0.00836342438787067
17.05.2001;-0.003172316864556232
18.05.2001;0.003471366011973218
21.05.2001;0.00242461243260733
22.05.2001;-0.0013013449379681377
23.05.2001;0.00033172233481231243
24.05.2001;-0.0031462909482491263
25.05.2001;-0.0019436703561002294
29.05.2001;0.0009034674391157466
30.05.2001;0.0013791032105232755
31.05.2001;-0.0015084976077854402
01.06.2001;0.0019600079840414175
04.06.2001;0.004736237216775427
05.06.2001;-0.0003154720785611283
06.06.2001;-0.0024157812153503735
07.06.2001;2,45E+10
08.06.2001;0.0010402222642906947
11.06.2001;0.0012800938296667992
12.06.2001;0.0031245629627202716
13.06.2001;-0.003383031717573738
14.06.2001;-0.003746854462351915
15.06.2001;0.0011352035283597513
18.06.2001;-0.0017476812735651394
19.06.2001;0.004954372696513626
20.06.2001;-0.0039047332612623504
21.06.2001;-0.0032567459048115956
22.06.2001;-0.005666801025504474
25.06.2001;0.0015762756935130701
26.06.2001;0.001099642300238644
27.06.2001;0.0014594438852553356
28.06.2001;0.0019874016244438844
29.06.2001;0.005398926931882173
02.07.2001;0.0030154192750622556
03.07.2001;0.000756457400464225
05.07.2001;0.0007937425240745486
06.07.2001;-0.0058235901134744365
09.07.2001;0.00035355080042860816
10.07.2001;-0.0019524344231037763
11.07.2001;0.0042016309984418245
12.07.2001;-0.0017146967340644055
13.07.2001;0.003018892511240739
16.07.2001;-0.0012647600138116083
17.07.2001;0.0018247330472013741
18.07.2001;-0.0006692226127318064
19.07.2001;0.0002839150683185759
20.07.2001;0.0010675514547754694
23.07.2001;-0.004898942146128551
24.07.2001;-0.00050872146828994
25.07.2001;0.008611482220637118
26.07.2001;0.00031329484482809375
27.07.2001;0.0005063963018890486
30.07.2001;0.0022303252295413946
31.07.2001;0.004832395740914966
01.08.2001;0.002133916454407168
02.08.2001;0.0014765303720995636
03.08.2001;0.00300724094808065
06.08.2001;-0.001932089698311809
07.08.2001;0.0002187699610245392
08.08.2001;-0.0023564010692046326
09.08.2001;0.003985802146248435
10.08.2001;0.004509885070243811
13.08.2001;0.0022967762021974254
14.08.2001;-3,21E+10
15.08.2001;0.003918195574473423
16.08.2001;0.003292173597956212
17.08.2001;-0.0022490977793036063
20.08.2001;0.0008739185576519303
21.08.2001;0.0018735006933229817
22.08.2001;-0.0014753714100765314
23.08.2001;0.001656030835283285
24.08.2001;0.002841233015297207
27.08.2001;-0.0030558048640672852
28.08.2001;0.0002930245261907197
29.08.2001;-0.001679941642264548
30.08.2001;-0.0017578219018121685
31.08.2001;0.00047313385661191545
04.09.2001;0.002264381529616183
05.09.2001;0.0008978401871850175
06.09.2001;-0.003459535708868608
07.09.2001;-0.004231549013087765
10.09.2001;0.0005807241643090665
17.09.2001;0.008510880467902047
18.09.2001;0.002850828656872223
19.09.2001;-0.0005773074514337599
20.09.2001;-9,58E+09
21.09.2001;-0.0031369184243045384
24.09.2001;-0.002995097033297176
25.09.2001;0.0007555049504326004
26.09.2001;0.002290414111803804
27.09.2001;0.0034828340239650775
28.09.2001;0.00397551640437445
01.10.2001;0.0009904426203404702
02.10.2001;0.0010565668173800388
03.10.2001;-0.0023984497323922636
04.10.2001;0.0016700360654997926
05.10.2001;0.00410186702579117
08.10.2001;-0.0017982947437208676
09.10.2001;-0.0029566773899865166
10.10.2001;-0.0031658719312177832
11.10.2001;-0.003693156374650196
12.10.2001;-0.001042651205936316
15.10.2001;0.000405064810750059
16.10.2001;0.0022234463507906504
17.10.2001;-0.0004414411853510404
18.10.2001;-0.0034099259767154813
19.10.2001;0.004326944253999247
22.10.2001;-0.0023685571535207966
23.10.2001;-0.00010825390485032314
24.10.2001;0.001516777881811825
25.10.2001;0.00039265343009703977
26.10.2001;-7,39E+10
29.10.2001;-0.0001311298132861769
30.10.2001;-1,14E+11
31.10.2001;0.0010379760935258814
01.11.2001;0.0052089002772893874
02.11.2001;0.0004377886773485793
05.11.2001;0.0007159555922535894
06.11.2001;0.002115091613383565
07.11.2001;-0.0006992210865328643
08.11.2001;-0.0015226873919347468
09.11.2001;-0.0018374478580065541
12.11.2001;0.0008876930485555892
13.11.2001;-0.0006604090110127964
14.11.2001;-0.00078639563499679
15.11.2001;-0.002336355980971261
16.11.2001;-0.0009414291536475427
19.11.2001;-9,11E+10
20.11.2001;0.004447367307051551
21.11.2001;-0.0018200530723718163
23.11.2001;0.0027423424238184704
26.11.2001;0.0023032376967911847
27.11.2001;-0.0026127320211324864
28.11.2001;0.001314639643290825
29.11.2001;0.0044547570568945925
30.11.2001;-0.0001732256356009416
03.12.2001;0.0041133349369393895
04.12.2001;0.0003932304320564328
05.12.2001;0.0024158894197399226
06.12.2001;-0.0024060407886512076
07.12.2001;-0.0009912041081166266
10.12.2001;-0.0016350656764447498
11.12.2001;-0.0031077047415817745
12.12.2001;-0.00034801496221465713
13.12.2001;-0.0009446035723361525
14.12.2001;0.004058539692356329
17.12.2001;0.001238178053062403
18.12.2001;0.002573914661307121
19.12.2001;5,52E+10
20.12.2001;0.0012999543574070385
21.12.2001;0.004793917333400681
24.12.2001;0.0017148780199390875
26.12.2001;0.0005023019593721049
27.12.2001;0.0026343829032067553
28.12.2001;-0.00035436371363065274
31.12.2001;-0.0004747354787140541
02.01.2002;0.001986025990825057
03.01.2002;-0.0025504496473213543
04.01.2002;-0.0021505942156915684
07.01.2002;-0.0005203825738540325
08.01.2002;-0.0006147352779441158
09.01.2002;-0.0011175751382948586
10.01.2002;0.0022346856676684498
11.01.2002;-0.0004717739231585934
14.01.2002;0.0076263888702358985
15.01.2002;0.006871050810693768
16.01.2002;-0.0017448509316276154
17.01.2002;-0.0014539184598025942
18.01.2002;0.0019486085731319413
22.01.2002;0.00303771094666671
23.01.2002;-0.001099671332862108
24.01.2002;0.0006362583034241775
25.01.2002;-0.0006021406444276102
28.01.2002;6,39E+10
29.01.2002;-0.00021421617124029596
30.01.2002;0.0027487702622404544
31.01.2002;0.006259690283819242
01.02.2002;0.0015485343244059382
04.02.2002;0.00030824743036914244
05.02.2002;0.004175528131616808
06.02.2002;-0.00144436953914172
07.02.2002;0.0013153340655254748
08.02.2002;0.0027953487149563125
11.02.2002;-7,25E+09
12.02.2002;-0.0006428778966899541
13.02.2002;0.0021488965546011766
14.02.2002;0.0010419264884529834
15.02.2002;0.0006764884057374843
19.02.2002;-0.0023887473199375154
20.02.2002;0.0004039174508079994
21.02.2002;-0.0008897293317624293
22.02.2002;0.0031495283760107073
25.02.2002;0.0006229537092684893
26.02.2002;0.00034478130857672543
27.02.2002;-0.0004030601494932713
28.02.2002;4,32E+11
01.03.2002;-0.001084455474397689
04.03.2002;-0.0012103507483762854
05.03.2002;0.0009704893338496096
06.03.2002;0.005322255622411095
07.03.2002;-0.001967028128834203
08.03.2002;-0.002383402539696849
11.03.2002;0.002295136211202074
12.03.2002;-0.00040810857138179834
13.03.2002;0.001229492010025442
14.03.2002;0.004031286443134186
15.03.2002;0.007673637881849737
18.03.2002;0.0023286408152178046
19.03.2002;0.0009482000997968637
20.03.2002;0.001780580577507909
21.03.2002;-0.0003219897795280831
22.03.2002;0.0015307507134819506
25.03.2002;0.00023192672480036114
26.03.2002;0.00156083069513782
27.03.2002;0.0067996042567628825
28.03.2002;0.002057662715102074
01.04.2002;-0.0005820801834895618
02.04.2002;0.0004996281734646211
03.04.2002;-0.0012839348928406033
04.04.2002;0.0013721261100374188
05.04.2002;-0.0005817816878616604
08.04.2002;-0.0009193243031932401
09.04.2002;0.005372814276768407
10.04.2002;0.0045942029816427345
11.04.2002;-0.0025159798669399792
12.04.2002;0.0015006230771257402
15.04.2002;-0.00044887303441001935
16.04.2002;0.0006161330069240642
17.04.2002;0.001088184328408974
18.04.2002;-0.0009966162716838287
19.04.2002;0.003905994765526931
22.04.2002;0.0014025410616022524
23.04.2002;-0.000957812702778579
24.04.2002;0.0021701774252754643
25.04.2002;0.0037775328342349052
26.04.2002;-0.0020098805031982837
29.04.2002;-0.0012134866953619986
30.04.2002;0.0003225452098356629
01.05.2002;0.005568648370592052
02.05.2002;0.004411555123067482
03.05.2002;-0.0001822224608959192
06.05.2002;0.0035845330162931894
07.05.2002;-0.0029287271744975036
08.05.2002;-0.0015195141216161993
09.05.2002;-5,43E+10
10.05.2002;-0.004532158345779058
13.05.2002;0.0015754974833469386
14.05.2002;-0.0030363641223434767
15.05.2002;0.000803376411768357
16.05.2002;-0.0007666709091103414
17.05.2002;0.0010659972940022693
20.05.2002;-0.00012022812595804933
21.05.2002;0.0011189412360559758
22.05.2002;0.0033473105392875435
23.05.2002;0.0016949540030266614
24.05.2002;1,52E+11
28.05.2002;0.00014561333573587026
29.05.2002;0.0019378413726351693
30.05.2002;-0.0016466626110303352
31.05.2002;0.0021469267636289053
03.06.2002;0.00029350702199827227
04.06.2002;-0.0009404009486273673
05.06.2002;0.0021893121793296337
06.06.2002;-0.001295009219672111
07.06.2002;0.0014830286476491127
10.06.2002;-0.0012048737494426327
11.06.2002;0.001081944997437548
12.06.2002;-0.0027768656117923775
13.06.2002;-0.0022535721408398803
14.06.2002;-0.000559606206984092
17.06.2002;0.004541143186679477
18.06.2002;0.002831640834581475
19.06.2002;7,11E+10
20.06.2002;0.0020022425254574597
21.06.2002;-0.000688217594875883
24.06.2002;-0.0065649510586424185
25.06.2002;-0.0026966204778235406
26.06.2002;-0.000877304455631524
27.06.2002;0.0003019170437732015
28.06.2002;-0.0010468627380449853
01.07.2002;-0.0006296922897915827
02.07.2002;-0.0033505588149274936
03.07.2002;-0.006807156529037718
05.07.2002;0.00013793066203302787
08.07.2002;0.0028011904794211363
09.07.2002;-0.002370875842201539
10.07.2002;-0.0035574985441650057
11.07.2002;-0.0012699345387973317
12.07.2002;-0.002399265024980491
15.07.2002;-0.0001834080710232961
16.07.2002;-0.002666526715609246
17.07.2002;-6,11E+10
18.07.2002;-4,73E+11
19.07.2002;-0.002149745139011253
22.07.2002;0.004972216990512696
23.07.2002;-0.0009207931635388522
24.07.2002;8,87E+10
25.07.2002;0.005423750493581067
26.07.2002;-0.002277514285621703
29.07.2002;0.0005511540445401371
30.07.2002;-0.0006134558662094468
31.07.2002;0.0021342567135363287
01.08.2002;0.0003619637941820828
02.08.2002;0.003298840130244791
05.08.2002;0.002030400487539801
06.08.2002;-0.0014836253079652216
07.08.2002;0.004468812612454898
08.08.2002;-0.0020432542671513128
09.08.2002;0.001484581003360377
12.08.2002;0.0011158684434034423
13.08.2002;-0.00022042996378378744
14.08.2002;0.0026179360441121484
15.08.2002;0.001416985722250872
16.08.2002;0.0015713125986689296
19.08.2002;0.0009197066032161633
20.08.2002;-0.00018332852351887622
21.08.2002;-0.0030880063458170247
22.08.2002;-0.00043289643455463717
23.08.2002;-0.0028343248851106007
26.08.2002;-0.0014177883354226824
27.08.2002;0.0025250982066779637
28.08.2002;0.003134806135703493
29.08.2002;-2,33E+10
30.08.2002;-0.001561062698600992
03.09.2002;-0.001059624722897191
04.09.2002;-0.005204632035869935
05.09.2002;0.0033520686655552304
06.09.2002;-0.0016582470939904047
09.09.2002;0.0005931805508342159
10.09.2002;0.0015440366585299662
11.09.2002;0.0006693413889675261
12.09.2002;-6,57E+10
13.09.2002;0.003184292723873892
16.09.2002;-0.0007653726380083404
17.09.2002;-0.00972087514727278
18.09.2002;0.0008502259582800747
19.09.2002;0.002221975852516267
20.09.2002;0.0017792576541196916
23.09.2002;0.0034941179423767983
24.09.2002;-0.0018029611863949499
25.09.2002;-0.0016854500383086655
26.09.2002;0.0011302371606666112
27.09.2002;-0.0003421440442174153
30.09.2002;-0.0011297259622940234
01.10.2002;-0.003565183522297769
02.10.2002;0.004399993971585193
03.10.2002;0.005483350140617212
04.10.2002;-0.0006336170995765861
07.10.2002;0.0027482024018894084
08.10.2002;-0.0026271166292372757
09.10.2002;-0.0012773654335277158
10.10.2002;-0.0030037943331408944
11.10.2002;0.0003582469482387761
14.10.2002;0.0005804288549626766
15.10.2002;-0.0021941341049329923
16.10.2002;0.0031576935514337438
17.10.2002;0.00023926151849758834
18.10.2002;-0.0006839604835534461
21.10.2002;0.0002266648356639301
22.10.2002;-0.0014980059777129546
23.10.2002;0.0006726457481113664
24.10.2002;0.00020076791130670818
25.10.2002;0.000506468610396809
28.10.2002;-0.0009685230858780904
29.10.2002;-0.0005370710986602805
30.10.2002;-7,43E+09
31.10.2002;-0.004764505533958902
01.11.2002;0.000321845136241429
04.11.2002;-0.0021981571195408816
05.11.2002;-0.0002920490173759344
06.11.2002;-0.0021224263841778676
07.11.2002;0.004664828322401614
08.11.2002;-0.0010313614968554012
11.11.2002;-0.002150367628942545
12.11.2002;-0.005066220304925009
13.11.2002;0.0012352866943581336
14.11.2002;-0.0014936503142706278
15.11.2002;0.0017381317469719196
18.11.2002;0.0010776227887615418
19.11.2002;0.0009631687594225092
20.11.2002;-0.0022564761505978813
21.11.2002;-0.0016748579732149896
22.11.2002;0.0016587128584899518
25.11.2002;-0.0029017858563320214
26.11.2002;-0.0032146889975347105
27.11.2002;0.0027812041154063175
29.11.2002;-0.0016571673550822858
02.12.2002;0.002341358076442533
03.12.2002;0.004092061723377715
04.12.2002;0.0044222178492631815
05.12.2002;0.0016267216743351815
06.12.2002;0.006112890479428208
09.12.2002;-0.0006232635968363529
10.12.2002;-0.0014272018544755555
11.12.2002;0.0005042989391754111
12.12.2002;-0.0010153826199776061
13.12.2002;-1,52E+11
16.12.2002;0.00290999654949322
17.12.2002;-0.0030989913826987648
18.12.2002;-0.0006369107284930138
19.12.2002;-0.004718104458159735
20.12.2002;0.0017099670151185355
23.12.2002;0.0026632497471693706
24.12.2002;0.00024047773037157985
26.12.2002;0.0033584581412248633
27.12.2002;-0.004959510702387839
30.12.2002;0.005426040308949908
31.12.2002;-0.0018144734955027977
02.01.2003;0.00508767215505521
03.01.2003;0.0011488464971960224
06.01.2003;0.0028536405516584144
07.01.2003;-0.005073776645276201
08.01.2003;0.0005875873248660059
09.01.2003;0.0016857872883952142
10.01.2003;-0.0018907540991921084
13.01.2003;0.00099901087444487
14.01.2003;0.0009979547182565206
15.01.2003;-0.0005139220542669681
16.01.2003;0.0009152726599557207
17.01.2003;-0.00045510079856917254
21.01.2003;0.0020505158126096854
22.01.2003;0.0031315916070552676
23.01.2003;0.0008139775255928822
24.01.2003;-0.0018713687485754442
27.01.2003;-0.003338026478781748
28.01.2003;0.0003392792018405194
29.01.2003;0.0027903746817515393
30.01.2003;-0.0012542352619526122
31.01.2003;0.0027106953216915666
03.02.2003;0.0007127834928423544
04.02.2003;-2,45E+11
05.02.2003;0.0018299111544526803
06.02.2003;-0.0014874705761909524
07.02.2003;-0.002229607460109899
10.02.2003;0.0033998122668401996
11.02.2003;-0.0017055965005307182
12.02.2003;0.0009932207339291843
13.02.2003;0.001710350050335038
14.02.2003;0.001002447542272885
18.02.2003;-0.0013218270946046828
19.02.2003;0.002096376907242258
20.02.2003;-0.0025916630592500035
21.02.2003;-3,00E+11
24.02.2003;-0.006001679197090106
25.02.2003;0.003011050690012121
26.02.2003;0.0010949439173253879
27.02.2003;0.0035960086908283914
28.02.2003;0.0012462587637910904
03.03.2003;0.00024288795000993032
04.03.2003;-0.0008955149182405552
05.03.2003;0.0011418415767758068
06.03.2003;0.0012849974355202954
07.03.2003;0.0023290262304149953
10.03.2003;-0.0004804509174497198
11.03.2003;0.0039021854911195724
12.03.2003;-0.003951436665842568
13.03.2003;-0.0027246041989406893
14.03.2003;-0.001545223125818246
17.03.2003;0.0007603748826353019
18.03.2003;-0.0030405797478300915
19.03.2003;0.005737951628187356
20.03.2003;-0.001185879940073987
21.03.2003;-0.00017047862868822643
24.03.2003;-0.008577408071080055
25.03.2003;0.0007523734115702503
26.03.2003;-0.002960635353026868
27.03.2003;0.005107065804209057
28.03.2003;0.005614525065008284
31.03.2003;-0.002018298987601818
01.04.2003;-0.00023978412688036195
02.04.2003;-0.004240714708903247
03.04.2003;-0.0055212530760588695
04.04.2003;0.0005506152933897612
07.04.2003;-0.0012521821586548884
08.04.2003;0.005446497744871802
09.04.2003;-0.002285706835309061
10.04.2003;0.0029716377976648518
11.04.2003;-0.0015995187727570596
14.04.2003;0.0024704691318836822
15.04.2003;-0.0028213302751535965
16.04.2003;0.0014272335830966096
17.04.2003;0.0004403460811079284
21.04.2003;0.0019180349017560762
22.04.2003;0.0009715514679485707
23.04.2003;-0.0018986233241580824
24.04.2003;-0.0033468863149567077
25.04.2003;0.00216434008021227
28.04.2003;-0.0005108293973993699
29.04.2003;-0.000610628248918815
30.04.2003;0.0004847332204979695
01.05.2003;0.0024167853806648524
02.05.2003;-0.0025894944559898404
05.05.2003;0.0028399933795449747
06.05.2003;0.0027609740802955656
07.05.2003;-0.0034487720110482046
08.05.2003;0.0020031024610977495
09.05.2003;0.001964823165043946
12.05.2003;-0.00021834436259503764
13.05.2003;0.0019297226132588335
14.05.2003;-0.0012075075824552269
15.05.2003;0.0020129792025293065
16.05.2003;0.0016956483181442992
19.05.2003;0.000862134106626319
20.05.2003;0.0009144845128600718
21.05.2003;0.0015771450355574965
22.05.2003;0.0026698473992961724
23.05.2003;0.00255653064474245
27.05.2003;0.0016468780810726404
28.05.2003;-0.0066994890138116995
29.05.2003;-0.0037617415355549813
30.05.2003;0.008914819233801177
02.06.2003;-0.004904289748858201
03.06.2003;0.0014002232700334473
04.06.2003;-0.0001863282343981549
05.06.2003;-0.0007750801665537535
06.06.2003;-0.0004110222006370812
09.06.2003;3,32E+11
10.06.2003;0.00267062713368663
11.06.2003;0.005357289759925504
12.06.2003;0.001315333410234703
13.06.2003;-0.0006242922060710719
16.06.2003;0.004575942289260207
17.06.2003;0.002258144646277779
18.06.2003;0.0019583255406730206
19.06.2003;-0.0016268451263075326
20.06.2003;-0.0017750006197034753
23.06.2003;-0.00042397088216647493
24.06.2003;-0.0006466461956608442
25.06.2003;0.0021664221437502824
26.06.2003;0.00037802433193869596
27.06.2003;0.0024818928827686866
30.06.2003;0.00047654594082407705
01.07.2003;0.005701254409520757
02.07.2003;0.003202116940829012
03.07.2003;-0.0021067522426745987
07.07.2003;-0.0008785097222103442
08.07.2003;-0.002741787133088344
09.07.2003;-0.0021101349998320588
10.07.2003;0.00020052655137273634
11.07.2003;-0.00039855743610624596
14.07.2003;-0.0027618336007112967
15.07.2003;-0.0014136234139338218
16.07.2003;-0.0033966595664224157
17.07.2003;0.0011044067885436822
18.07.2003;0.003825179111651535
21.07.2003;-0.0014470687817559865
22.07.2003;0.0012588214672889933
23.07.2003;0.0005335772009983378
24.07.2003;-0.00011027553007095757
25.07.2003;0.0021885339912966813
28.07.2003;-0.0017441354100900292
29.07.2003;0.0031741677965193473
30.07.2003;-0.00012185213077041705
31.07.2003;-0.0012308645349772803
01.08.2003;-0.0027375997121721948
04.08.2003;-0.002186858225535116
05.08.2003;-0.0016131232690780868
06.08.2003;0.0013726574948381967
07.08.2003;3,24E+11
08.08.2003;-0.0007566518301333455
11.08.2003;0.0001485478491610702
12.08.2003;0.0010280710377885388
13.08.2003;-0.0013104346744079074
14.08.2003;0.0026958142314569954
15.08.2003;-0.0007458375571836823
18.08.2003;-0.00022269144189465033
19.08.2003;-8,27E+10
20.08.2003;-0.0011946458820384634
21.08.2003;0.002031133230972135
22.08.2003;-0.0024461512993974527
25.08.2003;0.002650906074420255
26.08.2003;0.003958741503320214
27.08.2003;0.002501126693596323
28.08.2003;0.00011977856492015543
29.08.2003;0.003067097308405129
02.09.2003;0.004558067040658273
03.09.2003;-0.0008936288363378071
04.09.2003;0.0007560123175432143
05.09.2003;-0.002627449395453005
08.09.2003;-0.000369310847050898
09.09.2003;-0.0006798942872113249
10.09.2003;0.0034963759078801854
11.09.2003;0.001074985793281262
12.09.2003;-0.0013526453255975136
15.09.2003;-0.001348017023088744
16.09.2003;-0.0003698061410748613
17.09.2003;-0.002353061729579972
18.09.2003;0.002503545808490566
19.09.2003;0.0030281555269653293
22.09.2003;-0.0005069827622038825
23.09.2003;0.0022972212775975685
24.09.2003;0.0015061675495809963
25.09.2003;-0.002867281313107986
26.09.2003;0.0028901584711733498
29.09.2003;0.0028351159005460033
30.09.2003;0.00031939221864007517
01.10.2003;0.0042210474596468366
02.10.2003;0.00152975736744696
03.10.2003;-0.0005313911652528021
06.10.2003;0.002032993530770484
07.10.2003;-0.0007898378753019732
08.10.2003;-0.002539458652652
09.10.2003;-0.0006837764037298167
10.10.2003;-0.000998509446675138
13.10.2003;0.0010168663789517647
14.10.2003;0.0002983533820847131
15.10.2003;0.00014196041224299148
16.10.2003;0.002378568331145385
17.10.2003;0.00023993186581369264
20.10.2003;0.0013507980516264933
21.10.2003;0.0002817427786908466
22.10.2003;0.002783698930907408
23.10.2003;0.000758525759000222
24.10.2003;0.0006898405962317177
27.10.2003;-0.0017598605503780685
28.10.2003;0.0023021879205874563
29.10.2003;0.002733775829073082
30.10.2003;0.0014572916545355658
31.10.2003;0.0011358323975843368
03.11.2003;0.002881076119725829
04.11.2003;-0.00260911620906244
05.11.2003;0.0016053021237162055
06.11.2003;0.0010897767875321994
07.11.2003;0.0007123420334702369
10.11.2003;-0.0008054438202993029
11.11.2003;-0.00020642794853551307
12.11.2003;0.0031310025486478567
13.11.2003;0.0033084358504438414
14.11.2003;0.0027550899340169407
17.11.2003;-0.0016961240252304495
18.11.2003;-0.0008963694300924805
19.11.2003;-0.0005061921220650195
20.11.2003;-0.0009752019327394098
21.11.2003;0.0036772667100002186
24.11.2003;0.0030247792724478312
25.11.2003;0.004317696380188832
26.11.2003;0.0029915762557785174
28.11.2003;-0.0011100159046771839
01.12.2003;0.004467836723383752
02.12.2003;0.002222601106394311
03.12.2003;7,02E+10
04.12.2003;0.002567527289549173
05.12.2003;0.0017509129640841611
08.12.2003;-0.00044833384673199103
09.12.2003;-0.0009480383050774444
10.12.2003;0.0007619891845029741
11.12.2003;-0.0009050673806942323
12.12.2003;0.0006682164152221569
15.12.2003;-0.001997649120795925
16.12.2003;-0.0005249470933193947
17.12.2003;0.0015199011530343737
18.12.2003;0.001510359811631654
19.12.2003;-0.0019277688246608533
22.12.2003;0.00025060823508973634
23.12.2003;-0.002065848023455557
24.12.2003;0.0009210853672854138
26.12.2003;0.002053092621432713
29.12.2003;0.0041622467220174975
30.12.2003;0.0011130125493815973
31.12.2003;0.0001601816905251861
02.01.2004;-0.004432614729507608
05.01.2004;0.0014907790800517014
06.01.2004;-0.001145788259820817
07.01.2004;-0.002260163557837541
08.01.2004;0.0002983296685906471
09.01.2004;-0.001400755876853794
12.01.2004;0.0008879434916922032
13.01.2004;0.000418539953995648
14.01.2004;0.0027540577750988127
15.01.2004;-0.0021969833884415806
16.01.2004;0.0021698629523470305
20.01.2004;-3,36E+11
21.01.2004;0.0010888346487608713
22.01.2004;0.0028929543649553165
23.01.2004;-0.0002736237040432748
26.01.2004;0.004104768053195719
27.01.2004;0.0008403528554572623
28.01.2004;0.004189830191573839
29.01.2004;0.00450520489261807
30.01.2004;-0.0006196638016954935
02.02.2004;0.0031099711781807753
03.02.2004;0.0014010975728193677
04.02.2004;0.0003640922868628769
05.02.2004;0.0010104942810745044
06.02.2004;0.002976301282557049
09.02.2004;0.0013375679248493859
10.02.2004;0.0009844808620032377
11.02.2004;0.0008720068317143112
12.02.2004;-0.0013097964216250168
13.02.2004;-0.0011686357024747642
17.02.2004;-0.0012973462549447784
18.02.2004;0.0008990802511241417
19.02.2004;0.002286713355853391
20.02.2004;0.0006842867209238442
23.02.2004;0.002943186348222511
24.02.2004;0.0014160934575123002
25.02.2004;0.0006214629648345941
26.02.2004;-0.00041416772153988666
27.02.2004;0.004464186535246862
01.03.2004;0.002526919660111813
02.03.2004;-0.002711255704707557
03.03.2004;0.000448856991819211
04.03.2004;-0.0029312567401254116
05.03.2004;0.005293851345902923
08.03.2004;0.002048950926492765
09.03.2004;-0.0004769834810749938
10.03.2004;0.0016149160422109135
11.03.2004;-0.004533018181575409
12.03.2004;-0.0017230744860273154
15.03.2004;0.0008895566115065627
16.03.2004;0.0005890258674780893
17.03.2004;0.003241816013837548
18.03.2004;0.0016925050789887387
19.03.2004;0.001276593863939031
22.03.2004;-0.00182426462042048
23.03.2004;0.00042546165332599706
24.03.2004;0.00032034439949805765
25.03.2004;-0.0014359120018174647
26.03.2004;-0.002442906179964629
29.03.2004;0.00151152606261501
30.03.2004;0.0012173585034988342
31.03.2004;0.0017924262600564314
01.04.2004;0.0011853592398128221
02.04.2004;0.0013387929724726709
05.04.2004;0.0023734848036675565
06.04.2004;0.0020361218094570458
07.04.2004;-0.0024885560723602743
08.04.2004;-0.0008714863000314163
12.04.2004;-0.004258436650839843
13.04.2004;-0.0008494577672376138
14.04.2004;0.00010091573559490533
15.04.2004;0.0019361091010190075
16.04.2004;0.00325126658463262
19.04.2004;-0.002314121610831941
20.04.2004;-0.001995091632181223
21.04.2004;0.001338346270800509
22.04.2004;-0.0013639974487979342
23.04.2004;0.002930178293708681
26.04.2004;-0.0013493160020494883
27.04.2004;0.0005106601871850656
28.04.2004;0.001227647774122577
29.04.2004;0.0014075856829560225
30.04.2004;0.00264568481566322
03.05.2004;0.0025721268464366015
04.05.2004;-0.0024736091885520072
05.05.2004;0.00039605898932451746
06.05.2004;0.0019098947963699592
07.05.2004;-0.0013907993193725396
10.05.2004;-0.0025800427049769005
11.05.2004;-0.0012981068813958004
12.05.2004;-0.0038824332373966
13.05.2004;-0.0018191082647613396
14.05.2004;0.0030662642389226906
17.05.2004;0.0005036415106567803
18.05.2004;-0.0021734921762791297
19.05.2004;-0.0014241841739289752
20.05.2004;0.00067893928042726
21.05.2004;-0.0016806713828445641
24.05.2004;-0.0009274896785344313
25.05.2004;0.0029404300832993656
26.05.2004;0.0008616237721529307
27.05.2004;0.002044531031329806
28.05.2004;0.0023352253714134246
01.06.2004;-0.0005223715223161053
02.06.2004;0.0006462625689774476
03.06.2004;-0.0018492683628973698
04.06.2004;0.0009518752434228804
07.06.2004;-0.0008795020403869007
08.06.2004;0.001380283450225709
09.06.2004;-0.0008040132815079286
10.06.2004;-0.0008470703339028264
14.06.2004;-0.0006236260286056096
15.06.2004;-0.0004094269021575368
16.06.2004;0.0020363815428286235
17.06.2004;-0.001386411513668924
18.06.2004;0.0013447071644958814
21.06.2004;0.001327231650266751
22.06.2004;0.0008180583121302396
23.06.2004;-0.000781021942100318
24.06.2004;-0.0031807033598683218
25.06.2004;-0.0010567278814517034
28.06.2004;-0.002790572661203023
29.06.2004;0.0012715654207973136
30.06.2004;0.0015155137802714952
01.07.2004;-0.0003644515782361599
02.07.2004;-0.0014006243412630806
06.07.2004;0.0015788662451877806
07.07.2004;0.0009996009364500549
08.07.2004;0.0017611635290611539
09.07.2004;-0.0014745858751298636
12.07.2004;0.002242714390197633
13.07.2004;-0.0019294178175386465
14.07.2004;-0.0004621731121425654
15.07.2004;-0.001757046443478925
16.07.2004;0.0028480559698567513
19.07.2004;-8,09E+10
20.07.2004;-0.0010413721515069247
21.07.2004;-0.002422219003218509
22.07.2004;-0.004883878893183985
23.07.2004;-0.0028708859735565107
26.07.2004;-0.00013734205141472788
27.07.2004;-0.0019996646584941043
28.07.2004;0.0007821489935623052
29.07.2004;0.00012141472699540401
30.07.2004;0.0011452040018069822
02.08.2004;0.003851188606692686
03.08.2004;0.005569768303534487
04.08.2004;4,85E+10
05.08.2004;-0.0024087890994080527
06.08.2004;0.002232350382402955
09.08.2004;-0.0002902893974504698
10.08.2004;0.001733683931604594
11.08.2004;0.0003216095292770428
12.08.2004;0.001108792653624127
13.08.2004;0.0016842107861940996
16.08.2004;0.0002473909879449649
17.08.2004;-0.0029661463740687103
18.08.2004;0.0008161684637938474
19.08.2004;0.0005877742703252029
20.08.2004;-0.0005254429491442459
23.08.2004;-0.0004766383622056029
24.08.2004;-0.0005231540409205819
25.08.2004;0.0010389354720452275
26.08.2004;0.0008374840779365535
27.08.2004;0.0015463740246229331
30.08.2004;-0.0009634056918786703
31.08.2004;0.0032990103264062915
01.09.2004;-0.00045815448815759476
02.09.2004;-0.00010936920831984727
03.09.2004;0.0024209356286665354
07.09.2004;-0.0023370944403761397
08.09.2004;-0.0013166422734563275
09.09.2004;-0.0005203023794869376
10.09.2004;-5,44E+09
13.09.2004;-0.002099530449800714
14.09.2004;0.0018531432913854408
15.09.2004;0.0001536656686124834
16.09.2004;0.0030215801270742047
17.09.2004;0.0022835794301383056
20.09.2004;-0.0009450117021474317
21.09.2004;-0.0014870138549352703
22.09.2004;-0.0008972743466627393
23.09.2004;0.00025580994075034727
24.09.2004;0.0024251116074921327
27.09.2004;0.0017613631774855533
28.09.2004;0.0011280846197728326
29.09.2004;-0.002030685484010506
30.09.2004;-0.0006228413665446523
01.10.2004;0.0027187116774067595
04.10.2004;0.00034911328313407225
05.10.2004;0.002325389821414328
06.10.2004;0.0009144197540925459
07.10.2004;0.00038571625611587496
08.10.2004;0.00012121882223923002
11.10.2004;0.0010440787450514961
12.10.2004;0.0013608860547080588
13.10.2004;0.0009152355632790696
14.10.2004;-0.0007479942713458413
15.10.2004;0.0030573843038714885
18.10.2004;0.0002386774514374023
19.10.2004;0.0009533315193165971
20.10.2004;0.0022765725320621566
21.10.2004;0.00041858050631252315
22.10.2004;0.00020875177418879518
25.10.2004;-0.0006732026456541301
26.10.2004;0.001544223921876228
27.10.2004;-0.0015504066584783318
28.10.2004;-0.0005255391330342104
29.10.2004;0.002318886803025752
01.11.2004;-0.00257288832137124
02.11.2004;-0.002205339067422012
03.11.2004;0.005425927236977503
04.11.2004;0.002369698620801424
05.11.2004;-0.0004918239374597975
08.11.2004;0.00019225933622394264
09.11.2004;-0.0009047725150986404
10.11.2004;-0.0008160919415309623
11.11.2004;0.002677807907994415
12.11.2004;0.0020506395561476023
15.11.2004;0.00011858667001557965
16.11.2004;-0.0003917735294621948
17.11.2004;-0.0014444965968541826
18.11.2004;0.00025122346816500553
19.11.2004;-0.0012657410429866992
22.11.2004;0.0014572294764031413
23.11.2004;0.000733102033220222
24.11.2004;0.0003769953261463768
26.11.2004;-0.0028745184610312717
29.11.2004;-0.002596772312516418
30.11.2004;-0.0027669184343657293
01.12.2004;-0.0008425436685737427
02.12.2004;0.0008529617113306144
03.12.2004;0.000934015445188376
06.12.2004;-0.0004968445531365433
07.12.2004;-0.00195614958378608
08.12.2004;-0.001481283179817931
09.12.2004;0.0012056228215985023
10.12.2004;-0.0027409746020344208
13.12.2004;0.001331175786440529
14.12.2004;0.0027458343249673737
15.12.2004;-0.00026274943023732336
16.12.2004;0.0009355977830586379
17.12.2004;0.0029718912318063406
20.12.2004;-0.0011823054406476668
21.12.2004;0.002242538383444484
22.12.2004;-0.00043937705652412644
23.12.2004;0.0011173597302616258
27.12.2004;-0.002925051477454003
28.12.2004;0.0019809944670509854
29.12.2004;0.0012924625877381965
30.12.2004;0.003962447457158635
31.12.2004;-0.0003417846761227097
03.01.2005;-0.004395345551768297
04.01.2005;-0.0020244465405635983
05.01.2005;-0.002295690225610679
06.01.2005;0.00010311391051590383
07.01.2005;0.0004187973016490814
10.01.2005;0.0010379128550327688
11.01.2005;-6,87E+10
12.01.2005;0.0027363824547031058
13.01.2005;-0.002864912616324812
14.01.2005;-0.001587780793934305
18.01.2005;0.0026926171000778354
19.01.2005;-0.0004399162585994751
20.01.2005;0.001573988591690349
21.01.2005;0.0009720942449555493
24.01.2005;0.001409301962821225
25.01.2005;-0.0023196690668994655
26.01.2005;-0.001485261339660938
27.01.2005;0.002712011983472653
28.01.2005;0.00029537750027123794
31.01.2005;0.0009186325632671169
01.02.2005;-0.0005688763657243986
02.02.2005;0.0018229289441369992
03.02.2005;0.0014303690619878332
04.02.2005;0.0018211759124106166
07.02.2005;0.00222572330209838
08.02.2005;0.00026571562981962725
09.02.2005;0.00020443565423181482
10.02.2005;0.0006391747491001829
11.02.2005;0.0019890532733756027
14.02.2005;-0.0003390529177531459
15.02.2005;0.0001500571321119545
16.02.2005;-0.002047427573749503
17.02.2005;0.00022436224032805854
18.02.2005;-0.0033794481106170574
22.02.2005;-0.0028573583654768193
23.02.2005;0.00116405920955073
24.02.2005;0.001492489939327655
25.02.2005;0.0004246451032139638
28.02.2005;0.0038696071290690217
01.03.2005;0.0041570944909690615
02.03.2005;-0.000805493124091635
03.03.2005;-0.0006232763192022527
04.03.2005;0.0007472127332824769
07.03.2005;-0.001927245519789267
08.03.2005;0.0006082145034710575
09.03.2005;-0.0030571380164325234
10.03.2005;0.0040679788181174755
11.03.2005;-0.0030536871851665234
14.03.2005;0.002701104189271766
15.03.2005;-0.003061997109031357
16.03.2005;-0.0005409181473981623
17.03.2005;0.0019334617229823216
18.03.2005;-0.00020841181526308765
21.03.2005;0.000763357811023888
22.03.2005;-0.0030007286963003063
23.03.2005;0.003811182512620141
24.03.2005;-0.0011660220519717826
28.03.2005;0.0042537728338892964
29.03.2005;0.0015019398723814382
30.03.2005;0.001778574416504865
31.03.2005;0.0012995055872386608
01.04.2005;-0.001997923450485738
04.04.2005;-0.001054998326554675
05.04.2005;0.002787110902827788
06.04.2005;-0.0019048228001225455
07.04.2005;0.0012942896765082389
08.04.2005;-0.0015225703850720112
11.04.2005;0.003910709257158879
12.04.2005;0.0009966765593313084
13.04.2005;0.00019415634267598656
14.04.2005;0.004342222520730712
15.04.2005;-0.0028426845572932895
18.04.2005;-0.00297781951057879
19.04.2005;-0.0014923229262181882
20.04.2005;0.00037481006230607496
21.04.2005;0.0009190136236666719
22.04.2005;0.0001255296646348737
25.04.2005;0.001855087051997111
26.04.2005;-0.0006032345778991376
27.04.2005;0.002298313396425637
28.04.2005;0.002402542739586339
29.04.2005;-6,25E+09
02.05.2005;0.0017646879514106738
03.05.2005;-0.0012577531957362915
04.05.2005;-0.0008178069091425611
05.05.2005;-0.0018794636271097015
06.05.2005;-0.004878914213855099
09.05.2005;0.0012542205495744106
10.05.2005;-0.0005867679788524219
11.05.2005;-0.0005207937967181905
12.05.2005;0.004169397458974555
13.05.2005;-0.0011400703412114833
16.05.2005;-0.00022078279808377147
17.05.2005;0.00039966747941727653
18.05.2005;-0.0007473970759658672
19.05.2005;0.0015227828585342319
20.05.2005;-0.0009380692808403578
23.05.2005;0.0016343392888713425
24.05.2005;0.0008329887157898467
25.05.2005;-0.002360167338272635
26.05.2005;-0.0015560889784962586
27.05.2005;0.0016109690646670147
31.05.2005;-0.0010317324199048674
01.06.2005;-0.0004834539350845857
02.06.2005;-0.000925587991702586
03.06.2005;0.0011137255095691
06.06.2005;-0.0003342436911565531
07.06.2005;-0.0011812172048642784
08.06.2005;-0.0008225709118621753
09.06.2005;-0.00018431305293319707
10.06.2005;0.0019980954840916223
13.06.2005;-0.000440521356539805
14.06.2005;0.0016188816642370828
15.06.2005;-0.0009142844685189565
16.06.2005;-0.0006743454150612642
17.06.2005;0.003571646235183589
20.06.2005;0.0017109052931700843
21.06.2005;0.001100311847731059
22.06.2005;0.0027902983810305063
23.06.2005;0.0010216312175871357
24.06.2005;-0.0016843826110989474
27.06.2005;0.0006288288257272098
28.06.2005;-2,76E+10
29.06.2005;-0.0034224968664076914
30.06.2005;0.0017393504653019979
01.07.2005;0.0002584020367875314
05.07.2005;0.0007548098591253056
06.07.2005;-0.004101018160147554
07.07.2005;0.0004115028507931989
08.07.2005;0.0035321670247915123
11.07.2005;-0.0003690223200084879
12.07.2005;-0.0025275865730006062
13.07.2005;-3,41E+10
14.07.2005;0.00040664914786163117
15.07.2005;-0.0031322958084611567
18.07.2005;-0.003965620789541363
19.07.2005;-0.0010301062877805232
20.07.2005;-0.002155960359361754
21.07.2005;0.002185233124929688
22.07.2005;-0.00023756891429445185
25.07.2005;0.001686795576834212
26.07.2005;-0.0006550691085775804
27.07.2005;0.0003213909047808318
28.07.2005;0.0008391399154385917
29.07.2005;0.00022154204527309682
01.08.2005;-0.004489956592048947
02.08.2005;0.0009332988554846813
03.08.2005;0.00038959371731231906
04.08.2005;0.0031415928531840073
05.08.2005;0.0009727104255894334
08.08.2005;0.0008703566473648081
09.08.2005;0.0014157017467596917
10.08.2005;0.0007377947191749077
11.08.2005;0.001952059161237878
12.08.2005;-0.00306413343065289
15.08.2005;0.002470391262190378
16.08.2005;0.0011525317184593832
17.08.2005;0.00041899835240112246
18.08.2005;0.0015525161954537273
19.08.2005;-0.0008642089613824974
22.08.2005;0.0029274797113595903
23.08.2005;0.00012303666882284962
24.08.2005;-0.0021041017568955243
25.08.2005;-0.0016430237133851903
26.08.2005;-0.002104462507924912
29.08.2005;0.0012036281088967991
30.08.2005;0.00039713724073759944
31.08.2005;-0.0002495479563792797
01.09.2005;-0.0013130610905824772
02.09.2005;-0.0018251151228498908
06.09.2005;-0.0004893840045517789
07.09.2005;-0.0034227596283854167
08.09.2005;-0.0021730548989486657
09.09.2005;0.0015325152097206483
12.09.2005;-0.0012353666403305571
13.09.2005;-0.0013593198362785303
14.09.2005;0.0003996460646598718
15.09.2005;0.0016111257873308955
16.09.2005;-0.0004873195689939318
19.09.2005;-0.001731171725789243
20.09.2005;-0.001610451259025798
21.09.2005;-0.0018725747962450414
22.09.2005;-0.0016261979032876643
23.09.2005;-0.0011166602901438202
26.09.2005;-0.0026228270139238654
27.09.2005;0.000692327821703189
28.09.2005;0.001307323085635771
29.09.2005;-0.001343842870046299
30.09.2005;1,74E+10
03.10.2005;-0.0030800233096433295
04.10.2005;-0.0005706668184932496
05.10.2005;-0.002653852181973369
06.10.2005;0.0016915851974641993
07.10.2005;-0.0024651372534926826
10.10.2005;-0.00021598818730275042
11.10.2005;-0.003376389440910193
12.10.2005;0.0026765940321470125
13.10.2005;-0.0020186017270471617
14.10.2005;-0.004069921416610552
17.10.2005;6,04E+09
18.10.2005;-0.00019824875154718933
19.10.2005;-0.0008195733747523694
20.10.2005;-0.0008348227171405785
21.10.2005;-0.0017351011568941216
24.10.2005;9,64E+10
25.10.2005;0.0028608030932505977
26.10.2005;0.0001391429843901359
27.10.2005;-0.0010651543800799575
28.10.2005;-0.0019694454648395195
31.10.2005;-0.004118261714561996
01.11.2005;-0.0002594880079742532
02.11.2005;0.00023264893801161783
03.11.2005;0.00021339666160329345
04.11.2005;-0.00032651222534179833
07.11.2005;-0.0031414235109944164
08.11.2005;0.0023269052286890666
09.11.2005;0.0032234006562343407
10.11.2005;0.0010909471606170864
11.11.2005;-0.0013840491158333898
14.11.2005;-0.0009011731935461994
15.11.2005;0.001871714595021499
16.11.2005;-0.0009236397674709266
17.11.2005;0.001267862334299456
18.11.2005;0.0023859242965752663
21.11.2005;0.0008331772461347196
22.11.2005;0.000603938079259522
23.11.2005;0.0038095857423972547
25.11.2005;-9,86E+09
28.11.2005;0.0006987871799026433
29.11.2005;0.001044943182508484
30.11.2005;-0.002121104905031889
01.12.2005;0.0001245698901977592
02.12.2005;1,73E+11
05.12.2005;0.0023550462830375474
06.12.2005;0.0013875943256465937
07.12.2005;0.0016021249385851687
08.12.2005;0.0016553803268313475
09.12.2005;0.0006687771188308128
12.12.2005;0.0010345725696832883
13.12.2005;0.0014515421270261935
14.12.2005;0.0018523400050113148
15.12.2005;-0.002832140652940298
16.12.2005;0.0032310560242921702
19.12.2005;0.00040521729823872585
20.12.2005;-0.0010950191714785822
21.12.2005;-0.0009110989889113516
22.12.2005;0.0017037411751077095
23.12.2005;-0.000559519355786193
27.12.2005;-0.003877073201044435
28.12.2005;0.0023624678477586173
29.12.2005;-0.001224847756219687
30.12.2005;-0.0014169882513739892
03.01.2006;-0.0020705194526086726
04.01.2006;0.0017458537401956115
05.01.2006;-0.0030752959632106298
06.01.2006;0.0026788414376880815
09.01.2006;0.0026737689964477823
10.01.2006;-0.0018704431207413887
11.01.2006;-0.0014795660023591741
12.01.2006;-0.0005063091762945817
13.01.2006;0.000930148880531866
17.01.2006;-0.002631236933989644
18.01.2006;-0.0014008907977816065
19.01.2006;0.0002989121825993056
20.01.2006;-0.0013660325279620609
23.01.2006;0.0014067514157126374
24.01.2006;1,51E+11
25.01.2006;-0.0013784695292830547
26.01.2006;-0.001003338634213045
27.01.2006;-0.0020726144803600768
30.01.2006;0.0012201608631295646
31.01.2006;-0.0002660857979974885
01.02.2006;-0.000934544393740484
02.02.2006;0.00016728434092907769
03.02.2006;0.0031863147456585093
06.02.2006;0.0004253375445179907
07.02.2006;0.00033110736745872965
08.02.2006;0.0016321872340385767
09.02.2006;-0.0001836274167587148
10.02.2006;0.0019504433194613478
13.02.2006;0.003445177076202773
14.02.2006;-0.0007835607112673172
15.02.2006;-0.0003706932858125946
16.02.2006;0.002619169296111462
17.02.2006;-0.0005150768370717638
21.02.2006;-0.0009259680434259578
22.02.2006;-0.0012118410409150565
23.02.2006;0.0009433818982602863
24.02.2006;-0.001580521346348512
27.02.2006;0.0009386563692873572
28.02.2006;-0.0007999402882859267
01.03.2006;0.0006019732899464236
02.03.2006;-0.00038457784196709564
03.03.2006;-0.00027097608657922754
06.03.2006;4,95E+10
07.03.2006;0.00132222382112811
08.03.2006;0.002414374729351928
09.03.2006;0.003924968757728153
10.03.2006;0.001216550688326512
13.03.2006;-0.0005012661149899535
14.03.2006;-0.0011891171666444786
15.03.2006;-0.002005092930209885
16.03.2006;0.0006985570560439883
17.03.2006;-0.0015269239525724843
20.03.2006;-0.0005282401774858851
21.03.2006;0.0019312339918157292
22.03.2006;0.001770159758054707
23.03.2006;-0.0004930636241076788
24.03.2006;0.0001833336884164761
27.03.2006;-0.002050818375922583
28.03.2006;-0.002307318462645879
29.03.2006;0.0011527907941414452
30.03.2006;-0.000896605139227132
31.03.2006;-0.0011952930931188523
03.04.2006;0.00349075168208337
04.04.2006;0.00015340327121463873
05.04.2006;-0.00565100350272228
06.04.2006;-0.0009995564206081314
07.04.2006;-0.005651156605200715
10.04.2006;7,42E+09
11.04.2006;-0.0006242297458135108
12.04.2006;-0.0003377109985942308
13.04.2006;-0.001280175150772116
17.04.2006;0.0011420779903198357
18.04.2006;-0.004911929691001001
19.04.2006;7,54E+09
20.04.2006;0.0026361276429457893
21.04.2006;0.001400213418878111
24.04.2006;0.0015525633481198388
25.04.2006;0.0013803253213213774
26.04.2006;0.0012005772811551794
27.04.2006;0.0020213260448415545
28.04.2006;-0.00019698889888145206
01.05.2006;0.0010814711567420057
02.05.2006;-0.00039320815767494334
03.05.2006;0.0007709100324026787
04.05.2006;0.0018157878926725116
05.05.2006;-0.0014035305797172506
08.05.2006;0.000630310395481399
09.05.2006;-0.002174750913961072
10.05.2006;-0.00022961957769029526
11.05.2006;0.00026138148727963915
12.05.2006;0.002956042356199929
15.05.2006;0.004032050935481365
16.05.2006;0.0009458481807179207
17.05.2006;-0.001970786307770328
18.05.2006;-0.0015384575182326135
19.05.2006;-0.0003656244997761694
22.05.2006;0.0025821434798398183
23.05.2006;-0.002341199635432717
24.05.2006;-0.00011565769023001412
25.05.2006;0.0004318578345620895
26.05.2006;-0.0008061168475040174
30.05.2006;0.0025071953756529513
31.05.2006;0.0009130101261992777
01.06.2006;-0.0021144611762371913
02.06.2006;-0.0008787439848630901
05.06.2006;-0.0014806543443130551
06.06.2006;0.0002003776940653813
07.06.2006;0.0013774953476654115
08.06.2006;0.0018795599841896985
09.06.2006;-0.0015631502498410373
12.06.2006;0.00011994691152961666
13.06.2006;-0.0009223349668041709
14.06.2006;-0.002090675145410808
15.06.2006;-0.0016115100683296822
16.06.2006;0.001999767285616636
19.06.2006;-0.0005990721257257466
20.06.2006;-0.0001528380773519021
21.06.2006;-0.0005129253633352269
22.06.2006;0.0004415079664558011
23.06.2006;0.0023198023421317944
26.06.2006;-7,39E+09
27.06.2006;-0.00021130418793947024
28.06.2006;0.0013792740936667007
29.06.2006;-0.001011340489363726
30.06.2006;0.00019339887063380854
03.07.2006;0.0018973980333023143
05.07.2006;-0.00021931482763145834
06.07.2006;0.0007567548796405619
07.07.2006;0.0018324409181913314
10.07.2006;0.002860446085694565
11.07.2006;0.0008098417939898936
12.07.2006;0.0018872171107893766
13.07.2006;-0.002815497510159268
14.07.2006;0.0007530406604647425
17.07.2006;0.0028513067450779057
18.07.2006;0.0018234287613717677
19.07.2006;-0.003373433116480278
20.07.2006;0.001138284871488432
21.07.2006;0.0021016060678707895
24.07.2006;-0.0003282365627667442
25.07.2006;0.0003168926139686598
26.07.2006;0.0015358785648570627
27.07.2006;0.0018792663563600293
28.07.2006;-0.0006035128316251581
31.07.2006;0.001540248455061116
01.08.2006;0.00023788900122617956
02.08.2006;-0.0007613354112207074
03.08.2006;-0.002462048706709157
04.08.2006;-0.0026684657897397385
07.08.2006;-0.0013498706828276499
08.08.2006;0.001536136472336185
09.08.2006;-6,43E+10
10.08.2006;0.005826464614469183
11.08.2006;-0.0008773542031681567
14.08.2006;0.0012621468556820246
15.08.2006;-0.0005868825085091063
16.08.2006;-0.00036135370098925755
17.08.2006;-0.0019974104063741624
18.08.2006;0.000299699860036528
21.08.2006;0.0017424184291056593
22.08.2006;-0.0013972981527631406
23.08.2006;0.0011865388019195074
24.08.2006;0.0015745003343653591
25.08.2006;0.002219457894317898
28.08.2006;0.0025614132288737028
29.08.2006;0.0023790200842903363
30.08.2006;0.0005478339677021574
31.08.2006;0.0009558722368650005
01.09.2006;0.0027603090437302302
05.09.2006;-0.0035419841474230774
06.09.2006;0.0009998224978126856
07.09.2006;-0.002866124258215819
08.09.2006;0.002757856271809932
11.09.2006;-0.000193465894601623
12.09.2006;-0.0008290001333991902
13.09.2006;-0.0004986504682743544
14.09.2006;-0.0007021765847048964
15.09.2006;0.0015243421342838962
18.09.2006;-0.002089857021804377
19.09.2006;-0.00041013118605754285
20.09.2006;0.0022815041168944314
21.09.2006;3,48E+10
22.09.2006;-0.0009825713213895337
25.09.2006;0.0020573217072864334
26.09.2006;0.003480641062786059
27.09.2006;0.0015961203004729754
28.09.2006;0.0004407308223545602
29.09.2006;0.0003115062711874203
02.10.2006;0.0010041582017199162
03.10.2006;-0.0006482362071485923
04.10.2006;0.0008445347143021887
05.10.2006;-0.001199629041499878
06.10.2006;0.0016035200594054619
09.10.2006;-0.0012943278740053968
10.10.2006;-0.0002794147399332428
11.10.2006;0.0015243898796539887
12.10.2006;0.0003806458117823269
13.10.2006;0.00027110738769418907
16.10.2006;0.0037663724359072643
17.10.2006;0.002970111670107984
18.10.2006;0.0031810098417322814
19.10.2006;0.0007433003509701316
20.10.2006;0.000928235913464874
23.10.2006;0.0022821497298187985
24.10.2006;-0.0015972617513384175
25.10.2006;0.002887935592626079
26.10.2006;-0.0008111311379592116
27.10.2006;0.001341990458739079
30.10.2006;0.00025141815049787143
31.10.2006;0.0004486040982273473
01.11.2006;0.0010510914336549016
02.11.2006;0.0025420257999776265
03.11.2006;-0.0004596934981203498
06.11.2006;0.004322603358467148
07.11.2006;0.0004407714709153388
08.11.2006;0.0013694457995421336
09.11.2006;0.0019090901613405837
10.11.2006;-0.0009707047747897362
13.11.2006;-0.0024720547478724493
14.11.2006;-0.001980232939890764
15.11.2006;0.0011664109344571504
16.11.2006;0.0028914093886891474
17.11.2006;0.00023673885641192674
20.11.2006;0.0013458882650444737
21.11.2006;0.000314129391025785
22.11.2006;0.0012989812449434332
24.11.2006;-0.001298217129999226
27.11.2006;-0.0019488397414364274
28.11.2006;0.0020781064321189545
29.11.2006;0.004653149971345768
30.11.2006;0.0016012739152877454
01.12.2006;0.001725275169838136
04.12.2006;0.001893595234647359
05.12.2006;0.0022075802839880746
06.12.2006;-0.0023841076967320227
07.12.2006;0.0028452214311826558
08.12.2006;0.0010048010062854306
11.12.2006;0.0005506405178622904
12.12.2006;0.004001546294145607
13.12.2006;1,58E+10
14.12.2006;0.0028115633715874327
15.12.2006;-0.0012571581162858882
18.12.2006;0.0015069745363825314
19.12.2006;0.0013575269376135783
20.12.2006;-0.0008385163779641293
21.12.2006;0.0007809332850481845
22.12.2006;0.0005299268464834951
26.12.2006;0.0025050843550684715
27.12.2006;0.0009147408742916576
28.12.2006;-0.000628832936377778
29.12.2006;-0.0020489849001494344
03.01.2007;0.001194764551215836
04.01.2007;0.0018270343717070705
05.01.2007;-0.0015992387346710395
08.01.2007;0.0007901017690995977
09.01.2007;2,35E+11
10.01.2007;-0.0005965142255250082
11.01.2007;0.00012062566132327226
12.01.2007;-0.0010241318918462591
16.01.2007;0.0008849357631859304
17.01.2007;0.003001921091848259
18.01.2007;0.004321558685622404
19.01.2007;0.0021948485489309486
22.01.2007;-0.0014630451730792914
23.01.2007;0.0016569573708435452
24.01.2007;-0.001914180323336945
25.01.2007;0.0002497013332187429
26.01.2007;0.0007851470521072657
29.01.2007;0.001161073189346286
30.01.2007;0.0006019747229293519
31.01.2007;-0.00022466000790969775
01.02.2007;0.000501838432327427
02.02.2007;0.001118397774102829
05.02.2007;-0.001419589340320712
06.02.2007;-0.00010920203223136642
07.02.2007;-0.0008892220992563714
08.02.2007;0.0006595334497852411
09.02.2007;0.00044742382745320054
12.02.2007;-7,40E+10
13.02.2007;0.002768090391040666
14.02.2007;-0.0008264402896724498
15.02.2007;0.002460315553737144
16.02.2007;0.0008613976640077998
20.02.2007;0.0015194283759774538
21.02.2007;-0.0023887229954256445
22.02.2007;0.00011954780780866589
23.02.2007;-0.0008510792888711089
26.02.2007;0.0008202680415839894
27.02.2007;-0.005499506150912144
28.02.2007;-0.0009759926107122912
01.03.2007;0.0006569000941220628
02.03.2007;-0.002152992339991683
05.03.2007;0.001016841479265937
06.03.2007;0.000828865107252393
07.03.2007;-0.0037439357055995114
08.03.2007;-0.001798492047540786
09.03.2007;0.0009077120163199924
12.03.2007;0.0013399402881813633
13.03.2007;-0.0015255235586143752
14.03.2007;0.0008330674440965684
15.03.2007;0.00028153288298396906
16.03.2007;-0.001138203175194425
19.03.2007;0.0016937659151388853
20.03.2007;0.0031195187276361943
21.03.2007;-0.0027665816591403046
22.03.2007;0.0019701109363850578
23.03.2007;0.00020214037284188666
26.03.2007;0.0008100306600867654
27.03.2007;-0.002585711536609383
28.03.2007;0.0006826891724372294
29.03.2007;0.0004919705589330205
30.03.2007;0.0016221557449743297
02.04.2007;6,59E+10
03.04.2007;-0.00197155769973559
04.04.2007;0.0008934505128035005
05.04.2007;-0.0005966577911005139
09.04.2007;-0.0027487252356358524
10.04.2007;0.0025865391921022053
11.04.2007;0.0009668679086197178
12.04.2007;0.0012963879324670107
13.04.2007;0.0017437888514950724
16.04.2007;-9,95E+10
17.04.2007;0.0005956051293647608
18.04.2007;-0.0010206883672190265
19.04.2007;-0.00012677375413235644
20.04.2007;0.0015612126675975157
23.04.2007;-0.0007402552259931573
24.04.2007;-0.0003602840615526091
25.04.2007;-0.001609285543881971
26.04.2007;0.0006832140437670333
27.04.2007;-6,57E+10
30.04.2007;0.0007248961908539694
01.05.2007;0.0004178396326059579
02.05.2007;0.00023472765419100313
03.05.2007;-0.0008615360484825491
04.05.2007;-9,88E+10
07.05.2007;0.0033017514657425733
08.05.2007;-0.0015983987710742487
09.05.2007;0.00042382639006713135
10.05.2007;-0.0031972726431717118
11.05.2007;-9,70E+10
14.05.2007;0.0020439492349785243
15.05.2007;0.001183588321405418
16.05.2007;0.004317356996894742
17.05.2007;-0.00022886813101249503
18.05.2007;0.0009319945864646544
21.05.2007;-0.0009135980429186407
22.05.2007;0.0007002865507084754
23.05.2007;0.00034225876433594904
24.05.2007;0.0009829966186932966
25.05.2007;0.002451572518294419
29.05.2007;-0.000504025539979591
30.05.2007;-0.0006591861032387656
31.05.2007;0.001831257342036078
01.06.2007;0.0026598016056828253
04.06.2007;0.000828335222912307
05.06.2007;-0.0014107866587956385
06.06.2007;-0.0008021772719344245
07.06.2007;0.0001759699285378423
08.06.2007;0.0008547401923163825
11.06.2007;1,79E+10
12.06.2007;-0.00188614047534777
13.06.2007;0.0007671633588310937
14.06.2007;-0.0012773506604519232
15.06.2007;-0.0008754418059881394
18.06.2007;0.0013464045596793693
19.06.2007;-0.0009186734794720982
20.06.2007;-0.00036835790337703955
21.06.2007;0.0002282936088250937
22.06.2007;-0.0007100544188503454
25.06.2007;0.0008776510566599159
26.06.2007;0.0012936611531011505
27.06.2007;0.0002324342718484176
28.06.2007;0.0006155507017116652
29.06.2007;0.003063534784100295
02.07.2007;-0.0017038249340055333
03.07.2007;-0.00036373409480076695
05.07.2007;0.0010604433540347762
06.07.2007;-0.0016954488549193567
09.07.2007;-0.0020707933608435946
10.07.2007;-0.003813530038619581
11.07.2007;0.0008647757179905333
12.07.2007;-0.0012922255783709498
13.07.2007;-0.0010935534765988588
16.07.2007;0.0006982179919742185
17.07.2007;-0.002002265108613321
18.07.2007;-6,22E+10
19.07.2007;-0.0014396907462071458
20.07.2007;0.000577591896306546
23.07.2007;0.00019798519298067844
24.07.2007;0.0019259258474857636
25.07.2007;-0.00013973187191278734
26.07.2007;0.001139877333005114
27.07.2007;-0.0024442488680829428
30.07.2007;-0.0014921711283928053
31.07.2007;-0.00025762063144754927
01.08.2007;0.0029174475473252976
02.08.2007;-0.00196758424871987
03.08.2007;0.004278153300767124
06.08.2007;0.0004931131939258059
07.08.2007;-0.0017037072450765845
08.08.2007;-0.0011125588131765162
09.08.2007;-0.0004259170049582565
10.08.2007;-0.0003266628034414086
13.08.2007;-0.0005604002925668878
14.08.2007;0.0027936616739144783
15.08.2007;0.0011829956928979053
16.08.2007;-0.001486304149950868
17.08.2007;-0.0009547943942901098
20.08.2007;0.0030862935969806285
21.08.2007;-0.00013527896204333818
22.08.2007;-0.0007675795621145082
23.08.2007;0.0032100757821373503
24.08.2007;-6,71E+10
27.08.2007;-2,25E+11
28.08.2007;-0.00012309821612022489
29.08.2007;0.0002688347628428413
30.08.2007;0.0006426357395200846
31.08.2007;-0.0014892021782109644
04.09.2007;0.0018674541094534148
05.09.2007;0.00044834615352795583
06.09.2007;-0.0003782939958311476
07.09.2007;-0.0007579565700358536
10.09.2007;0.0011872371734995063
11.09.2007;0.0020279830833333755
12.09.2007;0.0013531125912418095
13.09.2007;-0.004350680589239284
14.09.2007;0.0008770757785664474
17.09.2007;0.0010489910779316568
18.09.2007;-0.00251328615252788
19.09.2007;0.001396843962499366
20.09.2007;0.0019013161377566356
21.09.2007;-0.0020092165452192615
24.09.2007;-0.0014671702581256097
25.09.2007;0.000896750313995632
26.09.2007;-5,38E+11
27.09.2007;-0.0013060802042428577
28.09.2007;0.0016490360108539586
01.10.2007;0.0008501378496066591
02.10.2007;-0.0035991890808355306
03.10.2007;-0.0009340367177468671
04.10.2007;0.0030285817957564575
05.10.2007;-0.0021374777312053715
08.10.2007;0.0023600457680909986
09.10.2007;-0.002610168395652616
10.10.2007;0.000424421707434284
11.10.2007;-0.0005890205044401604
12.10.2007;0.0018268395301410752
15.10.2007;0.0015106212694859884
16.10.2007;0.0004070046985167811
17.10.2007;3,68E+11
18.10.2007;-0.002713665952266111
19.10.2007;-0.0020591142448721476
22.10.2007;-0.0016839573085486639
23.10.2007;-0.0013804278929723818
24.10.2007;-0.00010244530847117878
25.10.2007;0.0010836795228459086
26.10.2007;-0.002659662676801046
29.10.2007;-0.0021754985566151026
30.10.2007;0.0013848226851991474
31.10.2007;0.00208301059781108
01.11.2007;-0.0013703545184440055
02.11.2007;0.0017638125149010463
05.11.2007;0.0008839688587736789
06.11.2007;-0.0014750144127979317
07.11.2007;0.00027995414434445025
08.11.2007;0.001956301259152569
09.11.2007;0.0010456570927398902
12.11.2007;0.002008490650785483
13.11.2007;0.002127191925168133
14.11.2007;-0.005293683817337027
15.11.2007;0.0020802502581958996
16.11.2007;0.003343160079675136
19.11.2007;-0.0007948726832393014
20.11.2007;0.0013159596513073846
21.11.2007;-0.002304788742422723
23.11.2007;0.0012913408691029107
26.11.2007;0.00034367689660568966
27.11.2007;-7,51E+10
28.11.2007;-0.0020521632585524833
29.11.2007;0.0020443185983815212
30.11.2007;-0.0021233212840775003
03.12.2007;-0.000838764177332365
04.12.2007;0.0006850175653963096
05.12.2007;-0.0029268151365231497
06.12.2007;0.0016056752082045495
07.12.2007;0.001558881950252103
10.12.2007;-0.0008991143955958856
11.12.2007;-0.0005192013895283867
12.12.2007;-0.0003224761207366105
13.12.2007;-0.0007184653842591889
14.12.2007;0.0011197201135776757
17.12.2007;0.0007464662740910309
18.12.2007;0.002466757592091777
19.12.2007;-0.002644264111379303
20.12.2007;-0.00032120384012160785
21.12.2007;-0.0024275943669618207
24.12.2007;-0.0002021678059914377
26.12.2007;0.0008922384987424478
27.12.2007;-0.0015607362560436462
28.12.2007;-7,87E+10
31.12.2007;-0.003980840000507619
02.01.2008;-0.002970047701509473
03.01.2008;-0.002655082891615111
04.01.2008;-0.0007468204596608951
07.01.2008;0.005915464058009915
08.01.2008;0.0005015646358391746
09.01.2008;0.0014291524389518076
10.01.2008;0.0013208523659155847
11.01.2008;-0.001520209042745341
14.01.2008;-0.002979276394687279
15.01.2008;-0.0023358744348371046
16.01.2008;-0.0002680717151513452
17.01.2008;0.000655017111386433
18.01.2008;-0.00239435193579547
22.01.2008;-0.003615075029246003
23.01.2008;-0.003855020767341383
24.01.2008;-0.003465076713086071
25.01.2008;-0.0004765894123046117
28.01.2008;5,52E+10
29.01.2008;0.0014691764583231069
30.01.2008;-0.002380871316052023
31.01.2008;0.0008251781511476987
01.02.2008;-0.0016999142731394957
04.02.2008;0.0015460648887893461
05.02.2008;0.0033506616747458386
06.02.2008;-0.00013748288054477118
07.02.2008;-0.0012560732056388336
08.02.2008;-0.0015607858936936088
11.02.2008;0.0008359025726379027
12.02.2008;8,42E+09
13.02.2008;0.001083151153943771
14.02.2008;0.0007525409659060269
15.02.2008;0.000989383814327379
19.02.2008;-0.0006443533409372332
20.02.2008;0.0001668856871706679
21.02.2008;-0.0036447613866264885
22.02.2008;0.0030997952275823477
25.02.2008;0.0042962198602741735
26.02.2008;-0.001769697143493073
27.02.2008;-0.0011036457648831526
28.02.2008;-0.00047961709686563476
29.02.2008;0.002186714903848702
03.03.2008;-0.00040348619628197244
04.03.2008;-0.0017920832145909532
05.03.2008;-0.0022618405307068094
06.03.2008;-0.002969011413160551
07.03.2008;-0.005825111368750854
10.03.2008;-0.00028356694346594194
11.03.2008;-0.005064563817486336
12.03.2008;0.0009862055808943857
13.03.2008;-0.0018777580026065645
14.03.2008;-0.002690184832171781
17.03.2008;0.0026752896006329626
18.03.2008;-0.0034542960653136615
19.03.2008;0.00313391822944343
20.03.2008;-0.0037027726583468215
24.03.2008;-0.0023525501541425352
25.03.2008;-0.0018477409263247698
26.03.2008;-0.00027247918589570243
27.03.2008;0.003643999473632304
28.03.2008;0.00251490771389997
31.03.2008;0.0009336704462974328
01.04.2008;-0.0027558653658645038
02.04.2008;0.0006043597214262124
03.04.2008;-0.0033322426496715206
04.04.2008;0.0005789023221753405
07.04.2008;-0.00040680932062431665
08.04.2008;0.0007401806462586167
09.04.2008;0.001172997891729277
10.04.2008;0.0038074705273547053
11.04.2008;-0.0016942816498554624
14.04.2008;0.001987107075030711
15.04.2008;-0.0017631822016418324
16.04.2008;0.0010604528907755483
17.04.2008;0.0011949795532571208
18.04.2008;0.0023276165781401367
21.04.2008;0.001251206212957606
22.04.2008;0.000870415775971268
23.04.2008;0.0005097605511384558
24.04.2008;-0.0014557505940533191
25.04.2008;-0.001996093039747515
28.04.2008;0.001046065555982416
29.04.2008;0.0010398586983269434
30.04.2008;-0.0026118669844230453
01.05.2008;0.0008582468124644672
02.05.2008;-0.003984912291601892
05.05.2008;0.0011300042494032853
06.05.2008;-0.0013047947708733246
07.05.2008;-6,18E+09
08.05.2008;0.0002755208936506769
09.05.2008;-0.0022099149981863334
12.05.2008;0.00254187126053307
13.05.2008;0.0022369168718535835
14.05.2008;0.003525433185877231
15.05.2008;-0.002519804962616972
16.05.2008;0.0018951598989263305
19.05.2008;-0.0006025795177002445
20.05.2008;-0.0005356194268708661
21.05.2008;-0.0018994021104620994
22.05.2008;0.003669000775285592
23.05.2008;-0.003056944331653791
27.05.2008;0.0018822457855210205
28.05.2008;-0.0028823547580883544
29.05.2008;0.0036236799031082742
30.05.2008;0.0005784204025404836
02.06.2008;0.000895297102044296
03.06.2008;-0.0033866821553783033
04.06.2008;-0.0020087937829033793
05.06.2008;0.00010055316013794172
06.06.2008;-0.006883572922463225
09.06.2008;0.0017868725797738668
10.06.2008;0.0009520265439532845
11.06.2008;-0.0010400491153419653
12.06.2008;0.0014799397811057062
13.06.2008;-0.0016738859320230928
16.06.2008;-0.0024081278864549302
17.06.2008;0.0026721817722941657
18.06.2008;-0.0007192885409261073
19.06.2008;-0.0006215454940633738
20.06.2008;-0.001250337214723986
23.06.2008;0.001152270518951353
24.06.2008;-0.0006852265622364678
25.06.2008;0.005225331740926182
26.06.2008;-0.00034753455068073195
27.06.2008;-0.003930902109585797
30.06.2008;0.0047953813358548175
01.07.2008;-0.004197317729309476
02.07.2008;0.0022009121171599802
03.07.2008;-0.0003702906589571151
07.07.2008;-0.00107383997223789
08.07.2008;0.002250147778195177
09.07.2008;0.005109944122948324
10.07.2008;0.00026850193187328447
11.07.2008;0.00036534264220328995
14.07.2008;0.0022457126935360155
15.07.2008;-6,87E+10
16.07.2008;-0.004630912923540214
17.07.2008;0.00016495747001077365
18.07.2008;0.0018000135992961722
21.07.2008;-0.0011747383502951356
22.07.2008;0.00031604213478609536
23.07.2008;0.002102126237333196
24.07.2008;0.00137502002842653
25.07.2008;-0.0002640529090878847
28.07.2008;0.00429524133451737
29.07.2008;-0.0025945741928563265
30.07.2008;0.0011507756021099116
31.07.2008;-0.0012203352482874244
01.08.2008;0.0001673951252920535
04.08.2008;0.0037127902229234263
05.08.2008;0.0012757678794447077
06.08.2008;0.0016696959573713286
07.08.2008;0.0011498716137520876
08.08.2008;0.004229912159602386
11.08.2008;0.0018306441804475698
12.08.2008;0.005727109165393758
13.08.2008;0.003357799232795015
14.08.2008;-7,74E+10
15.08.2008;0.001240670974141828
18.08.2008;-0.000677490419699964
19.08.2008;0.0020373678722013055
20.08.2008;-0.004746597826845991
21.08.2008;0.0020556860129234446
22.08.2008;-0.000986238212360822
25.08.2008;-0.00209642917245928
26.08.2008;-8,31E+10
27.08.2008;0.00020587701534548913
28.08.2008;-0.0029460625208913654
29.08.2008;-0.0036434040808550915
02.09.2008;0.004519659206175907
03.09.2008;-0.0037497044787517713
04.09.2008;-0.00219138544972652
05.09.2008;0.00468748110284241
08.09.2008;0.0017506384224811227
09.09.2008;0.0010815581453698865
10.09.2008;0.0024464664211086944
11.09.2008;0.0013553016310023534
12.09.2008;0.0010274670137616318
15.09.2008;0.002777435905197024
16.09.2008;-0.0020786426265501524
17.09.2008;0.00036129441690117836
18.09.2008;-0.00041471901731785594
19.09.2008;-0.0042985237327387285
22.09.2008;0.0011507381627886553
23.09.2008;0.0003197630347698977
24.09.2008;0.004324567176270581
25.09.2008;0.0024755559685037936
26.09.2008;0.0006064494305927973
29.09.2008;0.002408276763897074
30.09.2008;-0.004747195342533172
01.10.2008;0.0013130221638015327
02.10.2008;0.0036034520142011004
03.10.2008;0.001174601205748747
06.10.2008;-0.0030335704076277174
07.10.2008;-0.0005245979306001108
08.10.2008;-0.003380449607082432
09.10.2008;-0.0006763497038280684
10.10.2008;-0.003360356450840471
13.10.2008;-0.005979388747899928
14.10.2008;-0.002711151334562598
15.10.2008;-0.0004424762098512742
16.10.2008;0.0021394581817834107
17.10.2008;-0.0013653235090343731
20.10.2008;0.0007236896401468466
21.10.2008;-0.000357264156490583
22.10.2008;0.0020779838851150353
23.10.2008;-0.001206881428404851
24.10.2008;-0.0016740228733185185
27.10.2008;0.000983101932845086
28.10.2008;-0.004004185148694692
29.10.2008;-0.0011679532885575604
30.10.2008;-0.0021941614136306194
31.10.2008;0.0019049316622646818
03.11.2008;-0.0019385894996139194
04.11.2008;-0.0016855691506782603
05.11.2008;3,48E+10
06.11.2008;-0.0015703259963027148
07.11.2008;0.0013450635989141167
10.11.2008;0.00731560809015034
11.11.2008;0.001441274682519805
12.11.2008;-0.0003628612223543857
13.11.2008;-0.003895533351875837
14.11.2008;0.0020476703443019374
17.11.2008;0.0038525551342522713
18.11.2008;0.0030799317581989526
19.11.2008;0.000237386085388017
20.11.2008;0.0019504340288888514
21.11.2008;-0.0032808343840937636
24.11.2008;-0.005549100239359948
25.11.2008;-0.0035042255217864783
26.11.2008;-0.001436480609783991
28.11.2008;0.0016036849381602394
01.12.2008;-0.0024804376100013535
02.12.2008;-0.005691976173376542
03.12.2008;-0.0025126368187979083
04.12.2008;-0.004629600718125303
05.12.2008;-0.0003809285121759128
08.12.2008;-0.003655507373821704
09.12.2008;-0.002862637559976752
10.12.2008;-0.0007244520523944143
11.12.2008;4,07E+10
12.12.2008;-0.002443134550099108
15.12.2008;-0.0002664323147197117
16.12.2008;-5,40E+08
17.12.2008;-0.004186594941928638
18.12.2008;0.0015899313018909273
19.12.2008;-0.005176257912888749
22.12.2008;0.0065177155339344265
23.12.2008;-0.0025614806101277162
24.12.2008;-0.0011947242388380202
26.12.2008;0.0011333949871316154
29.12.2008;0.0030064564778069028
30.12.2008;-0.0016824033657823687
31.12.2008;-0.0020101854761732088
02.01.2009;0.004211168269995361
05.01.2009;-0.0006113242437134972
06.01.2009;-0.008761360061916357
07.01.2009;0.001380676368086876
08.01.2009;0.004843194627545818
09.01.2009;0.00299301011555287
12.01.2009;0.007208003437136059
13.01.2009;0.0012081266972525163
14.01.2009;0.0001234950770019963
15.01.2009;0.0027738113323525384
16.01.2009;0.002537905511803555
20.01.2009;3,95E+11
21.01.2009;-0.003867543748836442
22.01.2009;0.0021855070343461485
23.01.2009;-0.004947476369407905
26.01.2009;-1,96E+10
27.01.2009;0.0061156815816406935
28.01.2009;-0.009892518728754168
29.01.2009;0.00395882944957565
30.01.2009;-0.006064301608239008
02.02.2009;0.0003675340787724756
03.02.2009;0.003268814142514797
04.02.2009;-0.004235629117720054
05.02.2009;0.00022140630796332016
06.02.2009;-0.001988488543425415
09.02.2009;-0.005536380042232337
10.02.2009;-0.0023056227757725124
11.02.2009;-0.0010331174567763226
12.02.2009;0.0034985852201444858
13.02.2009;-0.003070994260007332
17.02.2009;-0.0015316923905995192
18.02.2009;-0.0033645124845890196
19.02.2009;-0.0005657624069217819
20.02.2009;-0.0018774798863521655
23.02.2009;-0.0021648067595927516
24.02.2009;-0.0022813438678539796
25.02.2009;-0.0006208361472971797
26.02.2009;-0.0020919253753121426
27.02.2009;0.0015576035238384278
02.03.2009;-0.003695567321084355
03.03.2009;-0.003429484440853792
04.03.2009;-0.004367254053806284
05.03.2009;0.0022161557140147137
06.03.2009;0.0009035068954817808
09.03.2009;-0.004756919996632383
10.03.2009;-0.004492314932308672
11.03.2009;-0.002910245900510032
12.03.2009;0.004879577148455754
13.03.2009;0.004291586919959315
16.03.2009;-0.0004574983361574454
17.03.2009;0.00414312208792623
18.03.2009;-0.003425868663988252
19.03.2009;0.0019433737257903271
20.03.2009;0.008740650801471602
23.03.2009;-0.004821806772096874
24.03.2009;0.0007827068541067812
25.03.2009;-0.002586372161835639
26.03.2009;0.0029439097963421864
27.03.2009;-0.000551895341480071
30.03.2009;0.007325120277729332
31.03.2009;-0.005449770848768057
01.04.2009;-0.0013850727439164608
02.04.2009;-0.005764372960475322
03.04.2009;-0.001986806539228121
06.04.2009;-0.0019396718192456887
07.04.2009;-0.0033339981756426666
08.04.2009;-0.002862659269735832
09.04.2009;-0.005166014725926752
13.04.2009;-0.007302195716672465
14.04.2009;0.0031723448811554382
15.04.2009;-0.0018224900171779574
16.04.2009;0.0029523366846041475
17.04.2009;0.00039654856708240755
20.04.2009;0.0018416750934512013
21.04.2009;-0.003432077244541501
22.04.2009;-0.001430251161734561
23.04.2009;-0.004619721832502182
24.04.2009;0.001986500488008008
27.04.2009;0.00847226167656074
28.04.2009;0.0008914697534613322
29.04.2009;-0.001973616786486168
30.04.2009;-0.004087229394524701
01.05.2009;-0.005741611186488582
04.05.2009;0.0023092379004548687
05.05.2009;7,16E+10
06.05.2009;-0.005524358072470205
07.05.2009;-0.001895291517598431
08.05.2009;-0.00453556258118201
11.05.2009;0.004972488231871969
12.05.2009;0.0040339327402814885
13.05.2009;0.002331281145165222
14.05.2009;-0.005149371336266372
15.05.2009;0.0021215117493039817
18.05.2009;-0.006022295667678387
19.05.2009;0.0014041060043604291
20.05.2009;0.0015541580171111822
21.05.2009;-0.0027548255278304953
22.05.2009;0.0015041278329011839
26.05.2009;0.004692392325308289
27.05.2009;-0.005286521331624521
28.05.2009;0.0012015489880921847
29.05.2009;0.006677497531779625
01.06.2009;0.001097499235604928
02.06.2009;-0.001626901085378447
03.06.2009;0.001909997480419467
04.06.2009;-0.001200613874936681
05.06.2009;-0.00531605011145783
08.06.2009;0.0006731814195124375
09.06.2009;-0.001969815956763178
10.06.2009;-0.001245345414919191
11.06.2009;0.0049954991842684135
12.06.2009;0.0034241588308355922
15.06.2009;-0.007530720437878376
16.06.2009;-0.00256113828461171
17.06.2009;0.011252790641087515
18.06.2009;0.005696887073784642
19.06.2009;-0.005368958478809898
22.06.2009;0.001183382290428292
23.06.2009;-0.007897149868446973
24.06.2009;0.002723118235564972
25.06.2009;0.010275543884088063
26.06.2009;-0.0018482431878344104
29.06.2009;0.003953747771807366
30.06.2009;-0.0032928039219751893
01.07.2009;0.00615380851788435
02.07.2009;-0.00034465756816853994
06.07.2009;0.006380222808326776
07.07.2009;-0.0025602576521154413
08.07.2009;0.004146645393335939
09.07.2009;-0.0022597338989371945
10.07.2009;0.002835812869435546
13.07.2009;0.004888812712966182
14.07.2009;-0.0008706791842090543
15.07.2009;0.0046300805439877255
16.07.2009;0.004275104274285704
17.07.2009;-0.00260761727658922
20.07.2009;-0.004687764858401727
21.07.2009;0.0012615755665440326
22.07.2009;0.00016103186247661645
23.07.2009;-0.004148620287734052
24.07.2009;0.003336872689465896
27.07.2009;0.0009562461417578008
28.07.2009;0.001303713625161335
29.07.2009;0.005843855798014054
30.07.2009;-0.006279629726589385
31.07.2009;-0.0022522711063404244
03.08.2009;-0.005378073624859193
04.08.2009;0.0006171404367082073
05.08.2009;-0.004965437155743312
06.08.2009;-0.0024463742197202223
07.08.2009;-0.0037438553307375614
10.08.2009;0.00765652932205173
11.08.2009;0.004706043926673159
12.08.2009;-0.003308358030797046
13.08.2009;-0.0005876887709886243
14.08.2009;0.0010777744084500811
17.08.2009;-0.0005068741019425942
18.08.2009;-0.0031358357989317784
19.08.2009;0.005165071266707366
20.08.2009;0.0012162910775177272
21.08.2009;0.002715713374321343
24.08.2009;-0.0032059539654771727
25.08.2009;-0.001536124314718358
26.08.2009;0.0002640128156814435
27.08.2009;0.0021377301294476323
28.08.2009;-0.004046630955131063
31.08.2009;-0.0013995344336266697
01.09.2009;-0.004020209479085048
02.09.2009;-0.0026579017953332383
03.09.2009;0.0036210811022920975
04.09.2009;0.007446625289247196
08.09.2009;0.0004664835491526142
09.09.2009;0.0009213039645856243
10.09.2009;0.00334372229597697
11.09.2009;-0.0010554866060961572
14.09.2009;-0.0029802749027926325
15.09.2009;0.001672641353870733
16.09.2009;0.0032428487923864464
17.09.2009;0.00029638270878022915
18.09.2009;0.0054077688706688515
21.09.2009;0.00017601547366070643
22.09.2009;-0.0062449191444828205
23.09.2009;0.005720011509735056
24.09.2009;0.0025560904784517626
25.09.2009;-0.0010759862917469215
28.09.2009;0.000653319672351666
29.09.2009;0.00029604458175273634
30.09.2009;-0.003246241470275952
01.10.2009;-0.0045123693499981455
02.10.2009;-0.0013244541408148635
05.10.2009;-0.0030952515797787895
06.10.2009;0.006971219813553782
07.10.2009;0.0005679114677177957
08.10.2009;-0.00012661471962055644
09.10.2009;0.007492733850686314
12.10.2009;0.0020232866774862017
13.10.2009;0.0015298158244903758
14.10.2009;-0.002724448001829979
15.10.2009;0.0002641295658183504
16.10.2009;0.0028938906907685965
19.10.2009;0.0022817787355655325
20.10.2009;0.0008120443875802288
21.10.2009;-0.0022000787127119206
22.10.2009;0.006100409034373521
23.10.2009;-0.001232940396441241
26.10.2009;-0.0006756025955745369
27.10.2009;0.0013454327235159855
28.10.2009;0.0029035001825776074
29.10.2009;-0.0016492048386778698
30.10.2009;-0.007700772795672125
02.11.2009;0.005490376474932642
03.11.2009;-0.0010935592783992542
04.11.2009;0.0035540208737370686
05.11.2009;0.002341017528027993
06.11.2009;-0.00013264522082181247
09.11.2009;0.003484646723426549
10.11.2009;0.0024014125124344815
11.11.2009;0.0023193560732733933
12.11.2009;-0.000932571098470556
13.11.2009;0.001887242573277671
16.11.2009;-0.00018281796423826047
17.11.2009;-6,27E+10
18.11.2009;0.00025822124421905936
19.11.2009;-0.001556606192774254
20.11.2009;0.003103925935667843
23.11.2009;0.0061514159411351806
24.11.2009;0.0025675598480778853
25.11.2009;3,67E+10
27.11.2009;-0.005628008524162882
30.11.2009;-0.0029509882487669032
01.12.2009;0.004831735917187352
02.12.2009;-0.000872545597307153
03.12.2009;-0.0013969577274479863
04.12.2009;0.002285524018432418
07.12.2009;0.0012908206787261283
08.12.2009;-0.002756005172686293
09.12.2009;0.003085965972507613
10.12.2009;0.001641366045354161
11.12.2009;0.0017585774526564556
14.12.2009;0.0012728755116446122
15.12.2009;0.0014319544463992017
16.12.2009;-0.004049523151518387
17.12.2009;-0.0032025808940907624
18.12.2009;0.001030285059510693
21.12.2009;-0.0005849536226485952
22.12.2009;-0.0015608471099038375
23.12.2009;0.00019280051384052994
24.12.2009;0.004722751099209936
28.12.2009;0.002708978228925591
29.12.2009;0.0005905081320576647
30.12.2009;0.0005618648184412007
31.12.2009;-0.004611580119230352
04.01.2010;-0.00026749271354010204
05.01.2010;-0.001615868349517616
06.01.2010;-0.00023045867021336723
07.01.2010;-0.0007761894963910144
08.01.2010;4,30E+10
11.01.2010;0.0033697580700952348
12.01.2010;0.002888320840815998
13.01.2010;0.002142389551745333
14.01.2010;-0.0002657855039481685
15.01.2010;-0.0012816537016893275
19.01.2010;0.003392064713292255
20.01.2010;-0.0023741312861580745
21.01.2010;0.00010684019724556751
22.01.2010;-0.0007558758601257706
25.01.2010;-0.0020318085694309177
26.01.2010;0.0008451395276379605
27.01.2010;-0.0024405222510009905
28.01.2010;-0.0027158511460994663
29.01.2010;-0.0032611968450174866
01.02.2010;0.0021021410413026584
02.02.2010;0.0014126253024587655
03.02.2010;-0.0017486989241438703
04.02.2010;-0.007012158953838324
05.02.2010;0.0015529197483945647
08.02.2010;-0.0014753428377671236
09.02.2010;0.0034000939714456417
10.02.2010;-0.0017862278791605055
11.02.2010;0.0007727494951997079
12.02.2010;-0.003944746487309256
16.02.2010;0.003123714683052807
17.02.2010;0.004556984259452262
18.02.2010;0.0020714027029246265
19.02.2010;0.0014541026130626066
22.02.2010;0.0006740665820967036
23.02.2010;-0.0006414375684916146
24.02.2010;0.0022105425226197203
25.02.2010;-0.0012768140583235554
26.02.2010;-0.001248015390801041
01.03.2010;0.0023346256697553145
02.03.2010;0.0028007184687135495
03.03.2010;0.0002424885221193184
04.03.2010;0.0023614615698626636
05.03.2010;0.003228395515436179
08.03.2010;0.0006113483693746451
09.03.2010;-0.000607384116562859
10.03.2010;0.0026537281330061605
11.03.2010;0.002285441899984826
12.03.2010;-0.0015487273360706988
15.03.2010;0.0031171217865038118
16.03.2010;-0.0018912786818592034
17.03.2010;0.0013807757132420025
18.03.2010;0.002041337050778534
19.03.2010;0.0004053425854184053
22.03.2010;-0.0004155354660205532
23.03.2010;-0.0003324125103928372
24.03.2010;-0.004609845556578841
25.03.2010;0.00016377573325813055
26.03.2010;-0.0003813154184723426
29.03.2010;0.00034901359462876367
30.03.2010;0.0015922019900735875
31.03.2010;-0.0025230022608404446
01.04.2010;0.001608577083055979
05.04.2010;-0.00037502962923879977
06.04.2010;0.0016476709321188885
07.04.2010;0.000226663760432887
08.04.2010;0.0018768726413131067
09.04.2010;0.004154571807056349
12.04.2010;0.0009047337717824296
13.04.2010;0.0009756989264852052
14.04.2010;0.0007191887908097867
15.04.2010;0.002146708160852822
16.04.2010;-0.001737944507363033
19.04.2010;0.003522497705882161
20.04.2010;0.0004452336169730722
21.04.2010;-0.0009143592926424741
22.04.2010;-0.0009353404014184471
23.04.2010;-0.0029457105997269546
26.04.2010;-0.0039929952063095285
27.04.2010;-0.0003519750794777998
28.04.2010;0.0029906483818253537
29.04.2010;0.00042964048370588634
30.04.2010;0.0016612009154660812
03.05.2010;-0.002422428620142027
04.05.2010;-0.0008219769371233228
05.05.2010;0.002106652250199201
06.05.2010;-0.00398963400017358
07.05.2010;0.0013296296459019354
10.05.2010;-0.0030528371350593813
11.05.2010;-0.0015977149400151589
12.05.2010;0.0024466246534955516
13.05.2010;0.0017149814421356232
14.05.2010;-0.0014761640932715134
17.05.2010;0.003742293514057035
18.05.2010;-0.0022892792919709066
19.05.2010;-0.00033948953836417063
20.05.2010;-0.009431836775519162
21.05.2010;-0.00039697985329236645
24.05.2010;-0.0044643937473592
25.05.2010;-0.0047527596532787875
26.05.2010;-0.004390196124354038
27.05.2010;0.0007113088082958017
28.05.2010;-0.0013942018738157692
01.06.2010;0.002678201144401157
02.06.2010;0.002321551314938673
03.06.2010;0.0011852258109472063
04.06.2010;-0.0031658194097609546
07.06.2010;0.00038760085743544544
08.06.2010;0.00523469803058499
09.06.2010;-0.0036766637627272908
10.06.2010;0.005258913941048463
11.06.2010;-0.0004902985855951998
14.06.2010;-0.0010185675512604591
15.06.2010;0.0018520050274608289
16.06.2010;0.003782073582208187
17.06.2010;0.004201346938935503
18.06.2010;-0.0014546676838273894
21.06.2010;-0.002550888249589788
22.06.2010;-0.00418287768291209
23.06.2010;-0.002209408762433623
24.06.2010;0.0010110468036154347
25.06.2010;-0.005359830490101905
28.06.2010;0.0009712592426854615
29.06.2010;0.001635149926352468
30.06.2010;-0.0026408243460905004
01.07.2010;0.003537706722666346
02.07.2010;-0.001739436015503204
06.07.2010;0.0030189132903514883
07.07.2010;0.005078693560851142
08.07.2010;0.0003331212666538336
09.07.2010;-0.0025098588140608667
12.07.2010;-0.00036676165095316573
13.07.2010;0.0021371521864519674
14.07.2010;0.0011247769184223725
15.07.2010;0.004155193313540898
16.07.2010;-0.0005761208615013543
19.07.2010;0.0016635733094830418
20.07.2010;0.0002454940289891782
21.07.2010;-0.005174739357884493
22.07.2010;-0.004882336898631072
23.07.2010;0.000426261960887608
26.07.2010;0.002036436080913484
27.07.2010;0.0034348028336451267
28.07.2010;0.001222314259411333
29.07.2010;-0.0010400129206620786
30.07.2010;0.0026159059847990487
02.08.2010;-0.001998558558525667
03.08.2010;0.001719322316294531
04.08.2010;0.00016976983541551466
05.08.2010;-0.0006365516365358358
06.08.2010;-0.0003158044947758554
09.08.2010;0.002360142191343569
10.08.2010;0.0018677595293544985
11.08.2010;-0.0041448531474843255
12.08.2010;0.004043297041495817
13.08.2010;-0.0013164387795769432
16.08.2010;0.0027136566594628195
17.08.2010;0.005503365997127484
18.08.2010;-1,67E+10
19.08.2010;0.0023218389942973924
20.08.2010;0.002012929139925077
23.08.2010;0.002444446619435438
24.08.2010;0.0007550653005190118
25.08.2010;-5,55E+11
26.08.2010;-0.00264145566844579
27.08.2010;0.001213416698966594
30.08.2010;-0.0029093121673808794
31.08.2010;-0.0012778357942189178
01.09.2010;0.002678997503408207
02.09.2010;0.002119309410967629
03.09.2010;-0.0018771214908377882
07.09.2010;0.0015912212389251191
08.09.2010;-0.0022905858701180097
09.09.2010;-0.0004976865590786261
10.09.2010;0.0002925823633206485
13.09.2010;-0.004318712988007594
14.09.2010;0.0028902103685644175
15.09.2010;0.004807192630819315
16.09.2010;0.001439312573653354
17.09.2010;0.0011732398201994365
20.09.2010;0.003005125870147882
21.09.2010;-0.0026700739574925655
22.09.2010;0.002578685926114482
23.09.2010;-0.0030613088763870706
24.09.2010;0.0001623555893332893
27.09.2010;0.00034144513380392205
28.09.2010;0.0007004352587332543
29.09.2010;-0.0020238619696415516
30.09.2010;-0.0009187383733832337
01.10.2010;0.0010119033691424865
04.10.2010;-0.00043321149033327547
05.10.2010;0.0011059097695726287
06.10.2010;-0.00034654957326713497
07.10.2010;-0.002161190547372834
08.10.2010;-0.0018012062487014686
11.10.2010;-0.0007436653613392644
12.10.2010;-0.002160060138275764
13.10.2010;0.0003572802893277564
14.10.2010;0.0005815324083837157
15.10.2010;0.0013724772704268866
18.10.2010;0.003259298998984112
19.10.2010;0.002390061866781594
20.10.2010;-0.0001575968921654141
21.10.2010;0.0015732464706690325
22.10.2010;-0.0011087314447144282
25.10.2010;-0.00010468840895334354
26.10.2010;0.0013491957865650406
27.10.2010;-0.0028412232337967774
28.10.2010;0.0007819329257730424
29.10.2010;-0.0019134610984113045
01.11.2010;-0.0025312206083714602
02.11.2010;0.0023968605008487624
03.11.2010;-5,42E+10
04.11.2010;-0.0021106329327889276
05.11.2010;0.0003967024276777444
08.11.2010;9,46E+10
09.11.2010;-0.0005793093873928924
10.11.2010;0.0004218653709764428
11.11.2010;0.0006830609104318034
12.11.2010;-0.0008117959205301058
15.11.2010;0.0007507224714569724
16.11.2010;-0.0016442353763144674
17.11.2010;0.0017725559674157106
18.11.2010;0.0007090458899176005
19.11.2010;-0.0005801231593890149
22.11.2010;0.002489966277783259
23.11.2010;-0.005141080670298493
24.11.2010;0.001846074581724841
26.11.2010;-0.0013783426519749396
29.11.2010;-0.00334345973503683
30.11.2010;-0.0016853205053857009
01.12.2010;0.0047717673127356365
02.12.2010;-0.0012098259071271684
03.12.2010;0.0006177203392726499
06.12.2010;-0.0014126415855184576
07.12.2010;-0.0016296994007051833
08.12.2010;-0.0006293180031139442
09.12.2010;0.0008500007479089021
10.12.2010;-0.0013660474719434405
13.12.2010;0.0004903343514767447
14.12.2010;0.0011405344607385264
15.12.2010;0.0003745009184994443
16.12.2010;0.0007959026064985508
17.12.2010;-0.001746414820566362
20.12.2010;0.002721825163639363
21.12.2010;-0.003658862583199413
22.12.2010;0.0008716461531961684
23.12.2010;0.0021001424896410466
27.12.2010;-0.0007610988294111546
28.12.2010;0.0024094588940755117
29.12.2010;0.0011381880793771967
30.12.2010;0.0007566591744240593
31.12.2010;-0.002291820485683763
03.01.2011;-0.004910096889479497
04.01.2011;-0.0003916304278244404
05.01.2011;-0.0027616092403228393
06.01.2011;-0.00014152408760568667
07.01.2011;-0.000149438365119955
10.01.2011;-0.0024087209146565866
11.01.2011;-0.001299494457623431
12.01.2011;0.0023437030947197554
13.01.2011;0.001100231472045515
14.01.2011;0.0010770793165409145
18.01.2011;0.0017725405473495316
19.01.2011;0.0023261880181256627
20.01.2011;0.0015974435385882873
21.01.2011;-0.002133840170254371
24.01.2011;0.000915289250785158
25.01.2011;0.0016146711279152652
26.01.2011;-0.0012402849530528041
27.01.2011;-0.004388982253862786
28.01.2011;-0.000541786476191619
31.01.2011;-0.0017846228587088198
01.02.2011;-6,07E+10
02.02.2011;4,05E+11
03.02.2011;0.0010516314437463044
04.02.2011;0.0004202298435808721
07.02.2011;-0.0007675849821610072
08.02.2011;0.003019532559374682
09.02.2011;0.0021059298746511895
10.02.2011;-0.0011542561357675537
11.02.2011;-0.0005365679810972134
14.02.2011;-0.0023946495068930033
15.02.2011;0.0021266180115070143
16.02.2011;0.0016036372730470838
17.02.2011;-0.0008952813816101657
18.02.2011;-0.0011428705209946784
22.02.2011;0.0013491191546517282
23.02.2011;0.0007008390875862187
24.02.2011;-0.00029897120876207564
25.02.2011;0.00038508933387463684
28.02.2011;0.002548815896745029
01.03.2011;-0.0016968639106193005
02.03.2011;-0.00180352639232182
03.03.2011;0.0006780826803877487
04.03.2011;-0.0015037348645767787
07.03.2011;0.00034949745328444323
08.03.2011;-0.0007340776328208847
09.03.2011;0.0037888612222078096
10.03.2011;-0.0006108470111202751
11.03.2011;0.002451601415435006
14.03.2011;7,33E+10
15.03.2011;-0.0023556376918589792
16.03.2011;-0.003945887616576689
17.03.2011;0.0021703623356265373
18.03.2011;0.0025287892998567384
21.03.2011;-0.0017873647586109029
22.03.2011;0.004059001019896279
23.03.2011;0.0009791582553236563
24.03.2011;0.00162870267317488
25.03.2011;0.0004283891668872534
28.03.2011;0.0016466596041971387
29.03.2011;-0.0006795125323183608
30.03.2011;-0.001773899180679721
31.03.2011;-0.0008061161738721241
01.04.2011;0.0023087202327978828
04.04.2011;0.0015952819826919773
05.04.2011;0.0013163531903122524
06.04.2011;0.0031389586627233977
07.04.2011;0.000940712466707657
08.04.2011;-0.0022022364492309166
11.04.2011;0.0027152049907483624
12.04.2011;0.001502501607211254
13.04.2011;0.0026409707510000567
14.04.2011;-2,34E+10
15.04.2011;1,64E+11
18.04.2011;-0.0027672831965403397
19.04.2011;0.0010698812160912733
20.04.2011;-0.00017444106153038257
21.04.2011;0.0014644801082020803
25.04.2011;-0.0007883153197899249
26.04.2011;0.0009605535017767526
27.04.2011;0.003216902854731536
28.04.2011;0.00033793165420910104
29.04.2011;0.004108089785248508
02.05.2011;-0.0013717814310717047
03.05.2011;0.0034669526126593136
04.05.2011;0.0010308570851915787
05.05.2011;-0.0005921248635977454
06.05.2011;0.0006778936433252191
09.05.2011;0.003076583103233842
10.05.2011;0.002375552925744281
11.05.2011;0.0012894032139797642
12.05.2011;0.006778044578251563
13.05.2011;0.0009603789002459561
16.05.2011;0.0019227840283500915
17.05.2011;0.004398237092279083
18.05.2011;0.0026672678670937866
19.05.2011;0.0003683102949943798
20.05.2011;-0.00016806646314055946
23.05.2011;0.003809605074695131
24.05.2011;0.0010945065590045495
25.05.2011;-0.002807585458915557
26.05.2011;-0.0026176608658262206
27.05.2011;0.002116160115055732
31.05.2011;0.0038724598533706007
01.06.2011;-0.0006614803520956492
02.06.2011;-0.002400988901572388
03.06.2011;-0.0011503237766031403
06.06.2011;-0.0013328300082511872
07.06.2011;0.0012281542801639588
08.06.2011;0.001166198457819869
09.06.2011;0.0018568144633586171
10.06.2011;-0.0027450100771299656
13.06.2011;0.0012227536344390174
14.06.2011;0.0012839893278845551
15.06.2011;0.00017755342285573957
16.06.2011;0.0023977216209141255
17.06.2011;-0.0009555270581213986
20.06.2011;0.002512158407032929
21.06.2011;-0.00028064970962801087
22.06.2011;-0.0009164798282076385
23.06.2011;-0.002195691473967285
24.06.2011;-0.001623389015693722
27.06.2011;0.0022275855780221525
28.06.2011;-0.0006199995628835052
29.06.2011;0.0015329078820127847
30.06.2011;3,57E+10
01.07.2011;0.004260993288806141
05.07.2011;0.0023429626261918402
06.07.2011;0.004892534734012619
07.07.2011;0.00025541076574356293
08.07.2011;5,09E+10
11.07.2011;-9,45E+10
12.07.2011;0.000750178950688918
13.07.2011;-0.0020033168123126024
14.07.2011;-0.000985368009636433
15.07.2011;0.0027364753518814714
18.07.2011;-0.0013243891356906055
19.07.2011;0.001975633784006846
20.07.2011;-0.0015893988228955444
21.07.2011;-0.00014570606698446767
22.07.2011;0.00019073913308077306
25.07.2011;-0.0016393243737271518
26.07.2011;0.001008189965178134
27.07.2011;-0.00034039011143548355
28.07.2011;0.00028337698916787836
29.07.2011;-0.0018573541764689422
01.08.2011;-8,64E+09
02.08.2011;0.004296005651942701
03.08.2011;-0.0005772266035706754
04.08.2011;-0.00355911509907564
05.08.2011;0.007410746862608683
08.08.2011;-0.0009859609190863636
09.08.2011;-0.004494823131837061
10.08.2011;-0.0021174176437252397
11.08.2011;0.0030409000783190136
12.08.2011;-2,95E+09
15.08.2011;0.0025617218539226933
16.08.2011;0.0024129804018518594
17.08.2011;0.0033096886153903713
18.08.2011;0.003509294124606816
19.08.2011;-0.00035906656802126165
22.08.2011;0.0032198131558483453
23.08.2011;0.003850037498660705
24.08.2011;0.00023870940206920533
25.08.2011;-0.0017069873063879004
26.08.2011;0.0005286411353253834
29.08.2011;-0.0022521113636018338
30.08.2011;0.0012290997268996845
31.08.2011;0.000671190543654181
01.09.2011;0.001257270883380365
02.09.2011;-0.0009752184570792164
06.09.2011;0.0017045648119788119
07.09.2011;-0.002421367684257595
08.09.2011;0.002982078861176632
09.09.2011;-0.004218537568503984
12.09.2011;0.00045045291864579393
13.09.2011;-0.0014809443327315403
14.09.2011;0.0022153740922303345
15.09.2011;-0.00481438127216632
16.09.2011;0.0016294526312288123
19.09.2011;0.002277543726600849
20.09.2011;0.002320133257193976
21.09.2011;-0.00024407664075688784
22.09.2011;0.0014535226470893162
23.09.2011;0.002588706448971932
26.09.2011;0.0032445812689412762
27.09.2011;-0.003000275065922188
28.09.2011;-1,85E+11
29.09.2011;-0.0011125079280001875
30.09.2011;0.002486874275228924
03.10.2011;0.0029817528278647705
04.10.2011;-0.002944204906136174
05.10.2011;-0.00234327529238937
06.10.2011;3,89E+10
07.10.2011;0.0048984304089643655
10.10.2011;-0.00041966592884811263
11.10.2011;-0.0029244157371637793
12.10.2011;-0.0013814921202499923
13.10.2011;0.0017967568622797231
14.10.2011;-0.0023919588117997373
17.10.2011;0.0023516717522985824
18.10.2011;-0.0007529742733938336
19.10.2011;0.0011591283613702574
20.10.2011;-0.00020349980736031684
21.10.2011;0.0036343364845253883
24.10.2011;-0.005918607863617596
25.10.2011;-0.0024945662870049052
26.10.2011;-0.002411986657229367
27.10.2011;0.0010994750194231366
28.10.2011;-3,01E+11
31.10.2011;0.0016200844152975597
01.11.2011;0.0004175780110964068
02.11.2011;-0.0017404900871220838
03.11.2011;0.0015535173356129718
04.11.2011;-0.00396888427681788
07.11.2011;0.004987266646605512
08.11.2011;-0.00017856721516362815
09.11.2011;-0.002320377944546549
10.11.2011;-0.00028303792640878636
11.11.2011;0.00196735885822949
14.11.2011;-0.004291348204017661
15.11.2011;0.000810399451719728
16.11.2011;-0.003715405557860139
17.11.2011;-0.0028441627246164974
18.11.2011;0.002478865734081277
21.11.2011;-0.001753902200361963
22.11.2011;-0.0018370764362168313
23.11.2011;-0.0007134901426479974
25.11.2011;0.0013784676651239195
28.11.2011;0.0016176705890581324
29.11.2011;0.005017809818321803
30.11.2011;0.002814986183567538
01.12.2011;0.0025656724523661126
02.12.2011;-0.0013734352210963982
05.12.2011;0.002062781913101554
06.12.2011;0.0034628096129835848
07.12.2011;0.0030345917070986428
08.12.2011;0.0015049313532036438
09.12.2011;0.0017437580485663933
12.12.2011;0.0003123828759615255
13.12.2011;0.001545149223459431
14.12.2011;-0.0027686208095020585
15.12.2011;0.005819088178781238
16.12.2011;0.00027998060859230913
19.12.2011;-0.0011211803491063366
20.12.2011;0.0041384374508668526
21.12.2011;0.0020385614743504087
22.12.2011;-0.0038343738936972567
23.12.2011;0.006324595270238653
27.12.2011;0.0017408792089365138
28.12.2011;-0.0021444298818811807
29.12.2011;-0.0011995132837016448
30.12.2011;-0.002483383582611819
03.01.2012;-0.0022445103007728557
04.01.2012;0.0007560279740431836
05.01.2012;-0.001369044056593134
06.01.2012;-0.0002680071260324265
09.01.2012;0.0003966433555767062
10.01.2012;0.0015366106250988593
11.01.2012;0.0004387373424443494
12.01.2012;-0.0015720514741594546
13.01.2012;0.002867747574728086
17.01.2012;-0.0003788397324346253
18.01.2012;0.0009876903424294564
19.01.2012;-0.00035117329653442417
20.01.2012;0.00016475449116702201
23.01.2012;-0.001002337213456815
24.01.2012;0.0002339017414534194
25.01.2012;0.0049242319970435626
26.01.2012;-0.0007587732388764932
27.01.2012;0.0003693195431783997
30.01.2012;0.00020355418622523044
31.01.2012;0.001656424500328086
01.02.2012;0.001594262643900293
02.02.2012;0.0016983385280501273
03.02.2012;-0.0008330616186095592
06.02.2012;-0.0020019102365986348
07.02.2012;-0.00024627334940451165
08.02.2012;-0.002380316751419764
09.02.2012;-0.0025316793214380184
10.02.2012;-0.002640774744055402
13.02.2012;-0.0042246206390176184
14.02.2012;0.002334434010736335
15.02.2012;0.002096997154476036
16.02.2012;0.0021008124694370783
17.02.2012;0.0015611781273483908
21.02.2012;0.00044471733687844546
22.02.2012;-0.0009103150198107386
23.02.2012;0.00010489753261732205
24.02.2012;0.0018042705268223932
27.02.2012;0.0024051189437245763
28.02.2012;0.0010715208938053883
29.02.2012;-0.0035645640029251502
01.03.2012;0.0008358048181882243
02.03.2012;0.0013968642441720557
05.03.2012;0.003552455295050836
06.03.2012;0.0025760960997645516
07.03.2012;-0.0005934064901715374
08.03.2012;0.0025618224947236675
09.03.2012;-0.00012505898691703783
12.03.2012;0.0028413443528131606
13.03.2012;-0.00011805571380001014
14.03.2012;-0.001182585711458039
15.03.2012;0.0017547475217636456
16.03.2012;0.0026913020916953133
19.03.2012;0.0022162192902185386
20.03.2012;0.0005132770357996201
21.03.2012;0.00030696035716600207
22.03.2012;0.0027649671967112308
23.03.2012;0.0007244543098486703
26.03.2012;0.002817414221452177
27.03.2012;0.0017126397220679336
28.03.2012;-0.0017550428511030327
29.03.2012;0.0002853569607456989
30.03.2012;0.001511605113319498
02.04.2012;0.002560735996652122
03.04.2012;-0.0017615991142569307
04.04.2012;-0.0031203484931764764
05.04.2012;-0.0003829788084440687
09.04.2012;-0.0012665063102756842
10.04.2012;-0.0018697806258014629
11.04.2012;0.0002631742965641873
12.04.2012;0.0019921635751262642
13.04.2012;-0.0015222100262516217
16.04.2012;0.003221656493677863
17.04.2012;0.006093110421940499
18.04.2012;0.0014875692399580807
19.04.2012;-0.0018233911341339172
20.04.2012;-5,48E+10
23.04.2012;-0.004911513446143138
24.04.2012;-2,56E+10
25.04.2012;0.0007962084159956885
26.04.2012;0.00235277954922826
27.04.2012;0.0028813645591377265
30.04.2012;0.0031946628678685978
01.05.2012;-3,20E+09
02.05.2012;0.0015599648390749715
03.05.2012;-0.0003395669007796201
04.05.2012;-0.0036949995276997407
07.05.2012;0.002613965663200383
08.05.2012;0.00011755867415156598
09.05.2012;0.0013553988674722705
10.05.2012;0.0008247797223185408
11.05.2012;-0.0017354075785780225
14.05.2012;0.000579889717978193
15.05.2012;0.0004637637743563686
16.05.2012;0.0023472937936314265
17.05.2012;-0.0025214765995141596
18.05.2012;-0.002343078225118767
21.05.2012;0.001604504186229178
22.05.2012;-0.0018949550022220145
23.05.2012;0.0013839094977568002
24.05.2012;-0.0016575330184208361
25.05.2012;0.0017263168510974706
29.05.2012;-0.0008575015659328059
30.05.2012;-0.0018644183778364824
31.05.2012;-0.0009706814241212803
01.06.2012;0.000108201659378096
04.06.2012;0.005323884021900177
05.06.2012;-0.0037667114234988925
06.06.2012;0.002431038323471561
07.06.2012;-0.001685055261193621
08.06.2012;0.003612480659113762
11.06.2012;0.0019176314485200713
12.06.2012;0.002016163199539852
13.06.2012;0.0009065630940778497
14.06.2012;0.0017557761380699922
15.06.2012;0.0035486100759293216
18.06.2012;0.0036407032018541544
19.06.2012;-0.0009429132345109563
20.06.2012;-0.0046570439441228455
21.06.2012;-0.002262667296201759
22.06.2012;0.004111548185870554
25.06.2012;-0.003984719769484781
26.06.2012;-0.0007752450122488965
27.06.2012;0.001339537931485967
28.06.2012;0.0019508969858263543
29.06.2012;0.0018234059841124462
02.07.2012;0.0014348481156082771
03.07.2012;-0.0018291113292296505
05.07.2012;-0.0008354520949751566
06.07.2012;0.00034517422235058083
09.07.2012;-4,56E+11
10.07.2012;0.0010767961993337835
11.07.2012;0.0031899527813479944
12.07.2012;-0.0015457969556894962
13.07.2012;0.0022466765819243624
16.07.2012;8,13E+10
17.07.2012;0.0005563952913812198
18.07.2012;0.0007170606235082904
19.07.2012;-0.0010237556111367908
20.07.2012;-0.0001488748358393164
23.07.2012;-0.0031155891341463366
24.07.2012;-0.0038414693983016817
25.07.2012;-0.0005812247652321788
26.07.2012;0.0015122432323153717
27.07.2012;0.0021633341491771162
30.07.2012;0.004852727761330719
31.07.2012;0.0025489840141445976
01.08.2012;-0.0017145544277618469
02.08.2012;-0.0019681088493734393
03.08.2012;-0.0009265588643809835
06.08.2012;0.0014923290513225137
07.08.2012;-0.0024513081680627513
08.08.2012;-6,26E+10
09.08.2012;-0.0017697553723422135
10.08.2012;0.0030390146051722613
13.08.2012;-4,68E+10
14.08.2012;-0.0008760563964923405
15.08.2012;-0.0017510193956045994
16.08.2012;5,89E+10
17.08.2012;0.0014915058165968764
20.08.2012;0.0010190408099775726
21.08.2012;-0.002432403442897173
22.08.2012;-0.0020440837053555764
23.08.2012;-0.0016465172951539838
24.08.2012;0.003243742754594203
27.08.2012;0.001475334680202691
28.08.2012;0.0019094033245665334
29.08.2012;0.0006111623302047129
30.08.2012;-0.0016928451105727037
31.08.2012;8,48E+10
04.09.2012;0.002307966382855982
05.09.2012;0.00031291190678919617
06.09.2012;0.002760049552757219
07.09.2012;-0.003971502636201048
10.09.2012;4,44E+10
11.09.2012;-0.0014428781526067294
12.09.2012;-0.0009847891024019266
13.09.2012;0.0032890890116109668
14.09.2012;-0.006021060320165863
17.09.2012;0.0011960395008385615
18.09.2012;0.003794367217828865
19.09.2012;0.002005806009997815
20.09.2012;0.0018780316709791753
21.09.2012;0.001297212432522749
24.09.2012;0.0017093629935449198
25.09.2012;-0.0002858219448856696
26.09.2012;0.0008741734635927514
27.09.2012;-0.00028481939384088564
28.09.2012;-0.0006277795169214433
01.10.2012;0.0010984287088304616
02.10.2012;0.0031061076331100916
03.10.2012;0.002176985892463342
04.10.2012;0.004224511218125013
05.10.2012;-0.001127320227175993
08.10.2012;-0.00023992815582880335
09.10.2012;8,70E+09
10.10.2012;-0.0023292174078610945
11.10.2012;-0.0029049805544921225
12.10.2012;0.0012138428295665588
15.10.2012;-0.00036048219248108085
16.10.2012;0.004032627682585679
17.10.2012;0.00042377595480310045
18.10.2012;-0.0009583959279481865
19.10.2012;-0.002874796511218272
22.10.2012;0.0011983500437778864
23.10.2012;-0.002259264862559642
24.10.2012;-0.0014815170529853465
25.10.2012;0.002432341624656475
26.10.2012;-0.0006634325318938777
31.10.2012;0.0008993972183969599
01.11.2012;-0.0002208235334351682
02.11.2012;-0.00027433168606989843
05.11.2012;-0.0019053060454661379
06.11.2012;0.002225217665878057
07.11.2012;-0.002595665514533302
08.11.2012;-0.001787557122384222
09.11.2012;-0.0020726418875623084
12.11.2012;0.001150444078054876
13.11.2012;0.0012211582711567901
14.11.2012;-0.0002981604950978312
15.11.2012;0.0007485506727861705
16.11.2012;0.0013302450164513879
19.11.2012;0.0028043529451475366
20.11.2012;-0.0017877516372251585
21.11.2012;2,78E+08
23.11.2012;0.005866621873400357
26.11.2012;0.00139875165977663
27.11.2012;0.0021767818370016447
28.11.2012;0.0024304252390171446
29.11.2012;-0.0005300576504887484
30.11.2012;-3,78E+11
03.12.2012;-0.003930976062323382
04.12.2012;0.00011182814131954267
05.12.2012;-0.0006541850460885226
06.12.2012;-0.00012268658142131246
07.12.2012;0.0001614671929656452
10.12.2012;0.0012156704494791018
11.12.2012;-0.0018962597764709864
12.12.2012;-0.0014049757264471738
13.12.2012;0.00020042957704466792
14.12.2012;-0.00181356094103688
17.12.2012;0.001473680789363907
18.12.2012;0.0011851795327108218
19.12.2012;-0.003125465740492371
20.12.2012;0.0010997426572821106
21.12.2012;-0.0040846738979439245
24.12.2012;-0.0007552373034900917
26.12.2012;-0.003387283934633994
27.12.2012;-0.0007425824745348786
28.12.2012;-0.005196356307347548
31.12.2012;0.005214434857254063
02.01.2013;0.002592481392258884
03.01.2013;0.0011575024737677355
04.01.2013;0.0008945530347531223
07.01.2013;-0.0035951071630180363
08.01.2013;-0.002950982764287818
09.01.2013;-0.000700945675626475
10.01.2013;0.003328189247453781
11.01.2013;4,54E+10
14.01.2013;0.003549695357894867
15.01.2013;0.0022242063695939295
16.01.2013;-0.0004601947126271121
17.01.2013;0.0022894990429535365
18.01.2013;0.0031668051928154498
22.01.2013;0.0012829757978683766
23.01.2013;1,99E+11
24.01.2013;0.0009548446798816263
25.01.2013;-0.0007365148257451986
28.01.2013;-0.0011070718500067374
29.01.2013;0.002570593253446843
30.01.2013;0.0014955087213827443
31.01.2013;0.0010735860481451915
01.02.2013;0.0005783019878865363
04.02.2013;0.00039451764058775953
05.02.2013;0.0020532734736168194
06.02.2013;0.0009901697461046654
07.02.2013;0.002748370142737451
08.02.2013;0.000830281413556458
11.02.2013;0.000993928280135652
12.02.2013;-0.001601885906133238
13.02.2013;-0.0025016652774925907
14.02.2013;0.0003753243680440126
15.02.2013;0.0032839326427661717
19.02.2013;0.0028275450884124483
20.02.2013;0.0018205370284721492
21.02.2013;0.0019272352884134537
22.02.2013;-0.00019977692995094007
25.02.2013;-0.0011676107359172654
26.02.2013;0.0013886698845005899
27.02.2013;0.002124456204374108
28.02.2013;0.000492465834805111
01.03.2013;0.0032699787469612973
04.03.2013;0.0023734304541998628
05.03.2013;-0.0009913717573867059
06.03.2013;-0.0032755609698916226
07.03.2013;-0.0033933640552451317
08.03.2013;-0.0013388520723957786
11.03.2013;-0.00012760099366476653
12.03.2013;0.0007995500935887149
13.03.2013;0.0019166334603201057
14.03.2013;3,80E+10
15.03.2013;0.001751149932401326
18.03.2013;-0.00028789396243199435
19.03.2013;0.0018208080819165592
20.03.2013;0.0012208117599490672
21.03.2013;0.001724670655956699
22.03.2013;0.002665659563297503
25.03.2013;0.0019311690508080179
26.03.2013;0.0027246141406517886
27.03.2013;0.0009441847656952129
28.03.2013;0.006682040068818552
01.04.2013;0.0023391257516743157
02.04.2013;0.001581910918286403
03.04.2013;0.004093621341329842
04.04.2013;0.004904522364962877
05.04.2013;-0.0007032016449896677
08.04.2013;-0.0006761629231284393
09.04.2013;0.0024938182668903033
10.04.2013;0.0009968942863393998
11.04.2013;0.0019405265692638562
12.04.2013;0.0034189297508595198
15.04.2013;-0.0024871934174023644
16.04.2013;-0.0007749907443769858
17.04.2013;0.0016432048785357358
18.04.2013;0.003950222090357196
19.04.2013;0.000410228011822872
22.04.2013;-0.0003267430497148092
23.04.2013;-6,10E+10
24.04.2013;0.0008623829151890748
25.04.2013;-0.0010607748363011776
26.04.2013;0.0016713006727360718
29.04.2013;0.003153710110134952
30.04.2013;0.001155933757695151
01.05.2013;-0.0017380870132438003
02.05.2013;0.0002256468858707443
03.05.2013;-0.0027721858348785304
06.05.2013;-0.0020251797902737295
07.05.2013;0.0020568779784335164
08.05.2013;0.0007152237734913529
09.05.2013;-0.0010067849619434296
10.05.2013;0.0010429178924975867
13.05.2013;-0.0022125648750869215
14.05.2013;-0.0008170286928323579
15.05.2013;0.0036829700522953753
16.05.2013;0.003033206332642223
17.05.2013;-0.000338668835912648
20.05.2013;0.0018705453213904743
21.05.2013;0.0020661320871281454
22.05.2013;-0.0031446840527434433
23.05.2013;-0.003920203419270859
24.05.2013;-0.0019461412971927892
28.05.2013;-0.0042217242414801966
29.05.2013;-0.005076614897543514
30.05.2013;8,43E+10
31.05.2013;-0.005267527560653393
03.06.2013;0.0048769456264573015
04.06.2013;0.00013186576934064663
05.06.2013;0.0005080859385410991
06.06.2013;-0.0013699800481712723
07.06.2013;-4,88E+09
10.06.2013;0.0005225035613814863
11.06.2013;0.001867926073377358
12.06.2013;0.0008212327046853032
13.06.2013;-0.0011074932414362366
14.06.2013;0.0019040334427937956
17.06.2013;-0.00026570516714335014
18.06.2013;0.0020258819467403075
19.06.2013;-0.0044554556693804735
20.06.2013;-0.0041663052425044
21.06.2013;0.005305859246819279
24.06.2013;0.0019239467696262904
25.06.2013;0.0010164786623838287
26.06.2013;0.0015207789806323457
27.06.2013;-0.0014144570738749752
28.06.2013;0.004365877642305572
01.07.2013;0.00017470325094940623
02.07.2013;-0.0015338325129338037
03.07.2013;-0.00041393711888628647
05.07.2013;0.005657925921870054
08.07.2013;0.008658245633667863
09.07.2013;-0.0007118947589803743
10.07.2013;0.0005918749376644524
11.07.2013;0.001947563502753277
12.07.2013;-0.0021256611327163
15.07.2013;0.002379067191328568
16.07.2013;0.0008688811386826231
17.07.2013;4,21E+10
18.07.2013;0.0006624512595007482
19.07.2013;-0.0007446961655491252
22.07.2013;0.0007931695236732504
23.07.2013;0.0020696185546352735
24.07.2013;0.001977089677105795
25.07.2013;0.00029336865303996977
26.07.2013;0.002655538026210843
29.07.2013;0.0016581250330842162
30.07.2013;-0.00043701554695225586
31.07.2013;-0.0010872024897122514
01.08.2013;-0.0010006726338575166
02.08.2013;0.0008912371691222316
05.08.2013;0.0005041881580868744
06.08.2013;0.001036935213778509
07.08.2013;-0.0013023472471931788
08.08.2013;0.0010179450958393381
09.08.2013;-0.0009114232545931117
12.08.2013;-0.00013445621971744067
13.08.2013;-0.0018050279941327879
14.08.2013;-0.00162195284060303
15.08.2013;-0.0017056569936137783
16.08.2013;-0.003044475356091851
19.08.2013;0.0015321815854282298
20.08.2013;-0.0008764494276712814
21.08.2013;-0.003819673633795635
22.08.2013;-0.001174512675007944
23.08.2013;0.0024688032690243144
26.08.2013;-0.0001757814390733421
27.08.2013;-0.002660168041590079
28.08.2013;-0.0013932418896007834
29.08.2013;-0.0025332205947405295
30.08.2013;0.0014329906845349924
03.09.2013;-0.0023907108036423687
04.09.2013;-0.0006401110282832507
05.09.2013;-4,98E+09
06.09.2013;0.000912869529882115
09.09.2013;-0.0017119276089064097
10.09.2013;-0.000985751046688026
11.09.2013;0.0027694941108774643
12.09.2013;0.001542799073163956
13.09.2013;-0.0024482098287151636
16.09.2013;0.0007352358597483531
17.09.2013;0.0034487664863120703
18.09.2013;0.004638249779939292
19.09.2013;-0.00041091313667527673
20.09.2013;-0.002677474287627153
23.09.2013;0.002553058406734867
24.09.2013;-0.0014013475145631088
25.09.2013;-0.0015184479614265922
26.09.2013;-0.0012598677594131257
27.09.2013;-0.0017296192053555975
30.09.2013;-0.0011100748269614789
01.10.2013;0.0009668851445055328
02.10.2013;-0.0018933545684313906
03.10.2013;-0.004111756624801865
04.10.2013;0.003340765472106791
07.10.2013;0.0020932637174481752
08.10.2013;-0.0009409706626023088
09.10.2013;-0.0002798913702545748
10.10.2013;-8,96E+09
11.10.2013;0.0007497810207694883
14.10.2013;0.002382669875038934
15.10.2013;-0.00084489359365618
16.10.2013;0.002460873799357229
17.10.2013;-0.0010929684453058436
18.10.2013;-0.001016478292819932
21.10.2013;0.004153436874769647
22.10.2013;0.0019197742497349007
23.10.2013;0.00014810217301934906
24.10.2013;-0.001771980136113831
25.10.2013;0.00021957565383588383
28.10.2013;0.0006676350283740188
29.10.2013;-0.000918653744155771
30.10.2013;-0.0017763795544414047
31.10.2013;0.0018514950236614375
01.11.2013;-0.00014676271761384935
04.11.2013;0.0021347798017138167
05.11.2013;0.0006975579526193041
06.11.2013;0.005389248445614863
07.11.2013;0.0052459333514429385
08.11.2013;0.00011235554929815987
11.11.2013;-0.00012176601175005702
12.11.2013;0.0017180313850255833
13.11.2013;-0.00019219378714284223
14.11.2013;-0.0005513388300836973
15.11.2013;0.002548571665643533
18.11.2013;0.0007231550282867298
19.11.2013;0.0030296464115080832
20.11.2013;0.0012656234683140755
21.11.2013;-0.0014882862325109878
22.11.2013;0.0017039547634868446
25.11.2013;0.0021636728950949822
26.11.2013;-0.002055215692132035
27.11.2013;-4,87E+11
29.11.2013;0.00037886434092572897
02.12.2013;-0.004050719756296876
03.12.2013;0.00048645493255602707
04.12.2013;-0.0006070666627963587
05.12.2013;0.0004707515838280815
06.12.2013;0.0020776059893139534
09.12.2013;-0.00047972698166415153
10.12.2013;0.0007672202098565939
11.12.2013;-0.00163770457729719
12.12.2013;-0.0012233067269694707
13.12.2013;-0.0014970444003961842
16.12.2013;-0.0021547368598924927
17.12.2013;-0.003594248045780771
18.12.2013;0.00016519947668453949
19.12.2013;0.0007977612980458566
20.12.2013;0.00038798122288430685
23.12.2013;0.003429295121117608
24.12.2013;0.0014116338561858597
26.12.2013;0.001775750704402171
27.12.2013;0.0012182008196130719
30.12.2013;8,88E+10
31.12.2013;0.0009327079642246487
02.01.2014;-0.0027281662608457154
03.01.2014;-0.00022404161281348184
06.01.2014;-0.0033285921684896684
07.01.2014;0.001708010509758764
08.01.2014;-0.0005639969998248674
09.01.2014;0.0005354559787370972
10.01.2014;0.0025754228022395118
13.01.2014;0.0005618973657890176
14.01.2014;-0.0006283967637372627
15.01.2014;0.0010652940301287945
16.01.2014;0.0009986908598632258
17.01.2014;-0.000655080970964797
21.01.2014;0.0014057591227058296
22.01.2014;-0.001857465222073574
23.01.2014;0.0021074619921559157
24.01.2014;0.001963625760956195
27.01.2014;0.0002075742654809215
28.01.2014;-0.00348875241456777
29.01.2014;-0.0021131244064640266
30.01.2014;-0.001201153254366259
31.01.2014;0.00034175611090888616
03.02.2014;-0.0030529877385473856
04.02.2014;-0.0012075427782596753
05.02.2014;-6,05E+10
06.02.2014;0.00033866106100280164
07.02.2014;0.002507004885454803
10.02.2014;0.0032171534000691887
11.02.2014;0.0007068759240973395
12.02.2014;-0.003082352240570714
13.02.2014;0.0035985232765152666
14.02.2014;0.00300168358764045
18.02.2014;0.0007294667111819018
19.02.2014;-0.0021584422719216722
20.02.2014;0.0030099742428462226
21.02.2014;-0.0015414261726640877
24.02.2014;0.0015886529408888851
25.02.2014;0.0011978336923691305
26.02.2014;0.0027531519933702347
27.02.2014;0.0006551214205159366
28.02.2014;0.0004181996708464467
03.03.2014;9,68E+10
04.03.2014;0.0006437159062129651
05.03.2014;-0.0014216679577355432
06.03.2014;-0.00208497552124257
07.03.2014;0.003994749757731979
10.03.2014;0.0016242788756305145
11.03.2014;0.0020187345398360425
12.03.2014;0.0008667990926071687
13.03.2014;-0.001121304942400857
14.03.2014;-9,13E+09
17.03.2014;-0.0016068573329097728
18.03.2014;-8,91E+10
19.03.2014;-0.0008961941497433099
20.03.2014;-0.00012969802659853428
21.03.2014;-0.0014771038883020938
24.03.2014;3,03E+11
25.03.2014;-0.001689473106227168
26.03.2014;0.0003574068500440484
27.03.2014;0.0003471393411561822
28.03.2014;0.0003809005203579504
31.03.2014;0.00019599448815293876
01.04.2014;0.002158136091018074
02.04.2014;-0.0005206531571309131
03.04.2014;0.0024084597208370714
04.04.2014;-0.001139986564354059
07.04.2014;-0.001977190589076568
08.04.2014;0.005269018803045242
09.04.2014;-0.003418957395687434
10.04.2014;-0.00045357673691725066
11.04.2014;-0.0010412069551829842
14.04.2014;0.0004485527096926428
15.04.2014;0.00038228105085801175
16.04.2014;-0.0003931032037048027
17.04.2014;-0.0034068858378436626
21.04.2014;0.0008283870764974752
22.04.2014;0.0008052316890616079
23.04.2014;0.0017997159358899737
24.04.2014;0.0003245179722306101
25.04.2014;0.003182604010945228
28.04.2014;0.0018826043018711875
29.04.2014;-0.0011300403162156688
30.04.2014;-0.003914768833813052
01.05.2014;0.0017647014887491946
02.05.2014;8,60E+10
05.05.2014;0.00035453706938375594
06.05.2014;-0.0016763423167615791
07.05.2014;-0.0007050295708134376
08.05.2014;3,23E+10
09.05.2014;0.0031366529733111953
12.05.2014;-0.0021989889093667787
13.05.2014;0.002330157873407974
14.05.2014;-0.0006316011231170331
15.05.2014;0.001601793722601961
16.05.2014;0.000325404676686257
19.05.2014;0.0005851313969051498
20.05.2014;0.0014488827780303696
21.05.2014;0.00021213828524578728
22.05.2014;0.001282249784560039
23.05.2014;0.0012367623933766617
27.05.2014;0.0015006769901413845
28.05.2014;0.0015333835791943588
29.05.2014;0.001802886723395882
30.05.2014;0.002523253710796539
02.06.2014;-0.0015147476883606327
03.06.2014;-6,58E+10
04.06.2014;0.0012893055792362286
05.06.2014;0.0019325016047962254
06.06.2014;-0.003822514148662378
09.06.2014;0.002529627681371939
10.06.2014;-0.0012054326383850456
11.06.2014;-0.0021798310225009773
12.06.2014;0.001986186303730285
13.06.2014;0.0011081939030342313
16.06.2014;-0.0011794799635228932
17.06.2014;0.0010665890600519107
18.06.2014;0.0002671623830751671
19.06.2014;0.002779889070564649
20.06.2014;-0.0001424926235231419
23.06.2014;0.0005594555406119631
24.06.2014;0.0006888653264066711
25.06.2014;0.00031499130500290307
26.06.2014;0.0002541783100547479
27.06.2014;-0.0002295178918786233
30.06.2014;0.0017410319599899483
01.07.2014;-0.0003925241760539895
02.07.2014;0.0002963569935186057
03.07.2014;0.001141379655676615
07.07.2014;-0.00042893324599397567
08.07.2014;-0.0005238815065615134
09.07.2014;0.0008567405771193213
10.07.2014;-0.00026668508040407686
11.07.2014;-0.00201200999768903
14.07.2014;0.0005717284166677412
15.07.2014;0.000631420987070119
16.07.2014;0.0003897656850436826
17.07.2014;-0.0012313385279178312
18.07.2014;0.0015161007492578503
21.07.2014;0.0003723473989990199
22.07.2014;-0.00023890777241896257
23.07.2014;-0.0034364679167935546
24.07.2014;0.003520504722326498
25.07.2014;0.0022820524205702545
28.07.2014;0.002749825370198996
29.07.2014;-0.0001482087649159828
30.07.2014;0.0008135631446550828
31.07.2014;-0.0019249612415840963
01.08.2014;0.0021865293719467273
04.08.2014;-0.0003418035776976568
05.08.2014;-0.0010831790229422441
06.08.2014;0.0001359235467476011
07.08.2014;-0.0012845686843170681
08.08.2014;0.0036914681572252734
11.08.2014;4,20E+10
12.08.2014;-0.0011234642058073683
13.08.2014;0.0002690018541949684
14.08.2014;0.0019299259817805625
15.08.2014;0.00047057213593450263
18.08.2014;0.0024348687735685354
19.08.2014;0.002314915819884415
20.08.2014;0.0018817512339017806
21.08.2014;0.002431355564079199
22.08.2014;-0.0009480837659622605
25.08.2014;-0.0009556297529208853
26.08.2014;-0.0019293580693760483
27.08.2014;0.0011544725823431478
28.08.2014;0.0023036940355710043
29.08.2014;0.0026500157205468855
02.09.2014;-0.0012936408207903812
03.09.2014;0.001442051074910871
04.09.2014;0.0013829121881913813
05.09.2014;0.0032741888641200576
08.09.2014;-0.0008673455206024121
09.09.2014;-0.0022129744529195976
10.09.2014;-0.000788140249818529
11.09.2014;0.0010737278075582917
12.09.2014;-0.004190097751909541
15.09.2014;0.001726670627270281
16.09.2014;0.0011165255801948817
17.09.2014;0.00126417549527308
18.09.2014;0.0003164420902003599
19.09.2014;0.002343535419451426
22.09.2014;0.0028457163399000693
23.09.2014;-0.0022031836708090503
24.09.2014;0.0017195745481807727
25.09.2014;-0.002932747075028447
26.09.2014;-0.0012710995286801113
29.09.2014;0.0017720087108189253
30.09.2014;0.002274622882369918
01.10.2014;-0.0018586759593191707
02.10.2014;0.0022964141112915863
03.10.2014;0.0005673311644984848
06.10.2014;0.0024447805339361897
07.10.2014;0.00023633550950202115
08.10.2014;0.0037313571801481328
09.10.2014;-7,92E+10
10.10.2014;0.0003991334727700127
13.10.2014;0.0010349493250794625
14.10.2014;0.002756808920730829
15.10.2014;-0.0008820304081353072
16.10.2014;-0.0038210631782831226
17.10.2014;-0.002026185005451462
20.10.2014;0.004670491258341779
21.10.2014;-9,50E+10
22.10.2014;0.003029286176199619
23.10.2014;-0.0026821997121316346
24.10.2014;0.0008805513477499536
27.10.2014;0.001413188973374177
28.10.2014;-0.0011527347289713003
29.10.2014;-0.000492909587863629
30.10.2014;7,82E+10
31.10.2014;0.0005903818665640033
03.11.2014;0.0020126049873012836
04.11.2014;0.0001178461902251837
05.11.2014;0.0031821512217223304
06.11.2014;0.000497832628078281
07.11.2014;0.0007640690962850225
10.11.2014;0.0005866332814917043
11.11.2014;0.0016797622579895848
12.11.2014;0.0019005111300055171
13.11.2014;-0.0003671873777539729
14.11.2014;0.001076303930883248
17.11.2014;0.003203071223221341
18.11.2014;3,63E+09
19.11.2014;-0.00022186162694391796
20.11.2014;-0.0005974270369361421
21.11.2014;0.00041117228436884207
24.11.2014;-0.002071345365042202
25.11.2014;-0.0003734306703610537
26.11.2014;-3,39E+10
28.11.2014;0.0014050715147049236
01.12.2014;0.0027698014786467695
02.12.2014;-0.0015509409602238755
03.12.2014;0.0005272275743844402
04.12.2014;0.0009237585883211299
05.12.2014;-0.0013880537380848343
08.12.2014;0.00041255388997701924
09.12.2014;-0.00037942007231942594
10.12.2014;-0.0009569124760753587
11.12.2014;0.0027652816014131117
12.12.2014;0.0009850883135928256
15.12.2014;-0.0008621292096995291
16.12.2014;0.0009880022369159968
17.12.2014;0.0012168219254749587
18.12.2014;0.0018319203571563834
19.12.2014;0.0013797307709275566
22.12.2014;0.002979736136671348
23.12.2014;0.0017040495854211606
24.12.2014;-0.0023739746714167356
26.12.2014;8,68E+10
29.12.2014;0.0018782676779153103
30.12.2014;-0.001492143212782205
31.12.2014;-0.005123243265047121
02.01.2015;0.0013174075162822462
05.01.2015;0.0033390731215318377
06.01.2015;0.0006082517384113659
07.01.2015;0.0020434516305162867
08.01.2015;0.0026011409226186725
09.01.2015;-0.0004252005732052354
12.01.2015;0.0005453668118984684
13.01.2015;0.001141391701171589
14.01.2015;0.00181187551431823
15.01.2015;0.003492167934371942
16.01.2015;0.0017377789216119267
20.01.2015;-0.0014203560986439817
21.01.2015;-0.0016460375421116485
22.01.2015;0.0019185171487524255
23.01.2015;-8,05E+10
26.01.2015;-0.0008541297458432855
27.01.2015;0.0015040317741636911
28.01.2015;-0.0018673853157092353
29.01.2015;-0.0027761764653847568
30.01.2015;0.0007122703130397767
02.02.2015;0.003224688956409913
03.02.2015;-0.0001399688578097827
04.02.2015;-0.002339768949672233
05.02.2015;-0.0007929004986595243
06.02.2015;0.00018388213533025082
09.02.2015;-2,45E+10
10.02.2015;-0.0012696698447748473
11.02.2015;0.0015806101636740215
12.02.2015;-0.0017948370029216305
13.02.2015;-0.00012677656440291838
17.02.2015;-0.0006056457720528714
18.02.2015;-0.002356877277883434
19.02.2015;-0.0006133577124364737
20.02.2015;0.00016830509713547078
23.02.2015;0.0029083909223621713
24.02.2015;-0.000537187013247739
25.02.2015;0.002647576072129357
26.02.2015;-0.0004564716305408131
27.02.2015;0.0010655429358002832
02.03.2015;0.0021466038193790247
03.03.2015;0.00027783582847639896
04.03.2015;-0.000489586954461278
05.03.2015;0.0018369852542340897
06.03.2015;-0.004718182851252738
09.03.2015;0.0010957877881267693
10.03.2015;-0.0017502631778929943
11.03.2015;-0.0010346422160637742
12.03.2015;0.0007523092407560206
13.03.2015;0.001432890351212125
16.03.2015;0.0031781913672389284
17.03.2015;0.0005906744972838042
18.03.2015;0.0025789224952922846
19.03.2015;0.0007601290190132931
20.03.2015;0.0010720726322105312
23.03.2015;0.0005809578138006961
24.03.2015;-0.0027296356556811008
25.03.2015;0.0014369600465357663
26.03.2015;-0.000329640527121784
27.03.2015;0.002383486718011947
30.03.2015;0.0012567903761166593
31.03.2015;-0.0013013994251821087
01.04.2015;0.000694549779725292
02.04.2015;-0.0008793949819739355
06.04.2015;-0.00012591419746537996
07.04.2015;0.0001592304562435848
08.04.2015;0.001224418647096413
09.04.2015;-0.000475950351833933
10.04.2015;0.0017006101226999344
13.04.2015;-0.0015000831719206042
14.04.2015;-0.0006623811629900697
15.04.2015;-0.0005389366718493744
16.04.2015;0.0005321377985491733
17.04.2015;-0.004505960076595295
20.04.2015;0.0022281588385136475
21.04.2015;-0.0006159248835888725
22.04.2015;0.0009065366586301477
23.04.2015;0.0035733277327924962
24.04.2015;0.000868544850793262
27.04.2015;-0.0008871568710125412
28.04.2015;-0.0002048149016573356
29.04.2015;0.0009292806440227362
30.04.2015;0.0011111785981182073
01.05.2015;0.0007497418544749257
04.05.2015;-0.0007666389915686889
05.05.2015;-0.002182428324743332
06.05.2015;0.0013514452708030481
07.05.2015;-0.0017978896345996979
08.05.2015;0.0005772928213065613
11.05.2015;-0.0035059646466276935
12.05.2015;0.0021733764173275105
13.05.2015;-0.0020421909705263786
14.05.2015;0.0014300719456248855
15.05.2015;0.003567475038858314
18.05.2015;0.001075875798011458
19.05.2015;0.0012364357419058529
20.05.2015;-0.0005738417463283527
21.05.2015;0.0007134935234367661
22.05.2015;0.00023370531608327139
26.05.2015;-0.00027741924884392387
27.05.2015;-0.0017156690316604006
28.05.2015;0.0010317004271370718
29.05.2015;-0.0004403401319731156
01.06.2015;0.000498152082997054
02.06.2015;-0.0005707760868027897
03.06.2015;0.00043019331328147297
04.06.2015;-0.000840164568928783
05.06.2015;-0.0031131428896963567
08.06.2015;0.001325709994770753
09.06.2015;0.0014680939409206404
10.06.2015;-4,32E+11
11.06.2015;0.001995613852169737
12.06.2015;-0.0019341380744599692
15.06.2015;-0.001252648908493164
16.06.2015;0.0014824473597360032
17.06.2015;-0.0006406170961596329
18.06.2015;-0.0006622409557274626
19.06.2015;-0.001550914355576811
22.06.2015;0.00010036377117046843
23.06.2015;-0.0005208523817443732
24.06.2015;-0.0020065951516978937
25.06.2015;0.0014535638100213512
26.06.2015;0.0016749549412429761
29.06.2015;-0.001232347449513713
30.06.2015;0.0006115690272572673
01.07.2015;0.0014199362123126754
02.07.2015;-0.0011625901851542758
06.07.2015;0.0014574606050391182
07.07.2015;0.0023361464424399973
08.07.2015;0.0007164679426138996
09.07.2015;-0.003953022808217662
10.07.2015;0.0029874467643846454
13.07.2015;0.001185601015659589
14.07.2015;-0.0029035325055446794
15.07.2015;-0.0010014435122176787
16.07.2015;0.0002597215855188765
17.07.2015;0.0009323019969911745
20.07.2015;0.001267161687697027
21.07.2015;-0.002449635512308747
22.07.2015;-0.0007532164368386218
23.07.2015;-0.00034536976703339437
24.07.2015;0.002773427572519009
27.07.2015;0.0004298174964451442
28.07.2015;0.00033978761813453144
29.07.2015;0.0014323361242031016
30.07.2015;0.0005978292434422026
31.07.2015;-0.00020576977530616146
03.08.2015;-0.0012852453943761474
04.08.2015;0.003172216448073505
05.08.2015;0.0009277475668584096
06.08.2015;-0.0016563983005424953
07.08.2015;-0.0006488989097828248
10.08.2015;0.004792680088808078
11.08.2015;0.0034450647001868294
12.08.2015;-0.00019418205750847736
13.08.2015;-0.0034281852060183016
14.08.2015;0.005537791950751851
17.08.2015;-0.00046260506327682176
18.08.2015;-0.001000180760181671
19.08.2015;-0.0012182380275482779
20.08.2015;-0.0016783086680420278
21.08.2015;-0.003634036775568678
24.08.2015;0.0005544621486038535
25.08.2015;-0.0036137337673601538
26.08.2015;-0.002648231013405629
27.08.2015;0.0011851131717563277
28.08.2015;-0.0009698059295215771
31.08.2015;-0.0007429610165461606
01.09.2015;-0.004860102009757409
02.09.2015;0.00153264152487337
03.09.2015;0.0023243440814047023
04.09.2015;-0.004825653942857871
08.09.2015;-0.003880078300227937
09.09.2015;-0.0059511475354068165
10.09.2015;-0.0007105370774477941
11.09.2015;0.00013458156760894904
14.09.2015;0.0005129618138392956
15.09.2015;-0.001616012114848758
16.09.2015;0.0003240893124797223
17.09.2015;-0.0020511947615036094
18.09.2015;-0.0005822906686083127
21.09.2015;0.0027741234918721124
22.09.2015;0.00022102461138337297
23.09.2015;-0.0001639745989463256
24.09.2015;-0.00010517284041850795
25.09.2015;-0.0009413062912816666
28.09.2015;-0.0014507600218792516
29.09.2015;-0.002665224957435467
30.09.2015;-0.004266515749226944
01.10.2015;-0.0061084143445317846
02.10.2015;0.002571029369514466
05.10.2015;0.00216676365305839
06.10.2015;0.00010878455296411613
07.10.2015;-0.0014210206904331276
08.10.2015;0.0018819669286363513
09.10.2015;0.00043643415828616854
12.10.2015;0.0009487032119558181
13.10.2015;0.003690936031218133
14.10.2015;-0.0007765232144858887
15.10.2015;-0.0005919021541123024
16.10.2015;-0.0004970770616033572
19.10.2015;0.003942765845371313
20.10.2015;0.0021084738066797226
21.10.2015;0.0007687753135231026
22.10.2015;-0.0019399586700844947
23.10.2015;-0.0004905223951250759
26.10.2015;-0.00018749370160456633
27.10.2015;0.00202868784786481
28.10.2015;-0.0005780531588971973
29.10.2015;0.0005188757045638892
30.10.2015;-0.002851225817405253
02.11.2015;-0.00019996533393327846
03.11.2015;-0.0005046464966997556
04.11.2015;-0.0031371131628844745
05.11.2015;-0.0016037363535084219
06.11.2015;0.0028195574983503344
09.11.2015;0.0012726614675642061
10.11.2015;0.002170389567777326
11.11.2015;-0.0019048752125038191
12.11.2015;-0.0033134220123139514
13.11.2015;-0.0003768286343576264
16.11.2015;0.0021933380659213734
17.11.2015;-0.00040151735275235564
18.11.2015;0.002346387762951572
19.11.2015;0.0020390303024062353
20.11.2015;0.00084902192404763
23.11.2015;0.000915029580259797
24.11.2015;-0.0018498310269237557
25.11.2015;0.003974117886715334
27.11.2015;-0.0012721483311255118
30.11.2015;0.0006153568375300133
01.12.2015;-0.001253916371118386
02.12.2015;0.0016372428355794072
03.12.2015;0.00040894676163186943
04.12.2015;0.0009790772263161425
07.12.2015;0.002355395993250244
08.12.2015;-0.0015282725811358114
09.12.2015;0.0006463906253482091
10.12.2015;0.00013162380370584752
11.12.2015;0.0017607887039389957
14.12.2015;0.00119565283820351
15.12.2015;-0.0011324798886138126
16.12.2015;-0.0001899597433350545
17.12.2015;0.0005833599207194992
18.12.2015;0.0015843118530803303
21.12.2015;-0.003973116763386027
22.12.2015;0.0033330215572194683
23.12.2015;-0.000691740734180258
24.12.2015;0.003316165493387659
28.12.2015;0.0070166102288088785
29.12.2015;0.0009295954699131193
30.12.2015;-0.0018116490170110285
31.12.2015;-0.0003715407605971433
04.01.2016;-0.0008139508989976965
05.01.2016;0.0003814107073989901
06.01.2016;9,33E+10
07.01.2016;0.00470829176922756
08.01.2016;0.003776024547169939
11.01.2016;0.0021383729804078902
12.01.2016;0.0010997486490071972
13.01.2016;0.0045217701527851956
14.01.2016;-0.0020765691774927153
15.01.2016;0.0011678548244266774
19.01.2016;0.0034210180432924986
20.01.2016;-0.0010333483842800977
21.01.2016;-0.0013617633468316365
22.01.2016;0.0010853761550863126
25.01.2016;0.0007436510697364758
26.01.2016;-0.0005639304643183683
27.01.2016;0.0022014563644930417
28.01.2016;0.0006280911731504088
29.01.2016;-0.0006062527291183619
01.02.2016;0.0048469197819035175
02.02.2016;0.003021338988896565
03.02.2016;-0.0012369416970804013
04.02.2016;-0.0012104852187148178
05.02.2016;0.003920153543575496
08.02.2016;0.002923338016959788
09.02.2016;-0.0003961117422908037
10.02.2016;-0.0007661112074015108
11.02.2016;0.003915197083547338
12.02.2016;0.00028268297204628095
16.02.2016;-0.002554223570273185
17.02.2016;0.0010803403328450071
18.02.2016;0.007613464130933228
19.02.2016;0.0006911604763917747
22.02.2016;-0.0012055068261290422
23.02.2016;-0.0008810754675620284
24.02.2016;0.000125460824627216
25.02.2016;0.004593070661809258
26.02.2016;-0.0014161593084407959
29.02.2016;-0.0019852043515995
01.03.2016;-0.0017141436266145081
02.03.2016;0.0008253034782419047
03.03.2016;0.00374873051228206
04.03.2016;0.0016463874379584898
07.03.2016;0.006027260882081085
08.03.2016;0.002568929586684558
09.03.2016;-0.00044966280158856894
10.03.2016;0.004699307188456868
11.03.2016;-4,39E+10
14.03.2016;-0.0007994213489780776
15.03.2016;0.002537502483615926
16.03.2016;-0.0009771867464347314
17.03.2016;-0.0009168665352653374
18.03.2016;-0.000587519430126015
21.03.2016;0.000630410643783063
22.03.2016;-0.004520968781684536
23.03.2016;0.004310369350475034
24.03.2016;8,26E+10
28.03.2016;0.004792109369387161
29.03.2016;0.0027593759855531206
30.03.2016;0.00048195817483868823
31.03.2016;-0.002913477438990189
01.04.2016;0.0007383613658189943
04.04.2016;0.0037454192016430905
05.04.2016;-0.004580183402400368
06.04.2016;-0.0005343262839857177
07.04.2016;-0.003921052252881398
08.04.2016;-0.00041392788933901966
11.04.2016;-0.004120065942669219
12.04.2016;0.0012777603997461899
13.04.2016;-0.0010164235542084153
14.04.2016;0.0007188317336815177
15.04.2016;0.00512390876503054
18.04.2016;0.000759583879197879
19.04.2016;0.0020808897442035944
20.04.2016;-0.0029140011102405288
21.04.2016;0.00012116740797504908
22.04.2016;0.0009299252480596178
25.04.2016;0.0019131821679950847
26.04.2016;-0.0005862059229541014
27.04.2016;-0.0014286972060462118
28.04.2016;0.0023692413447666126
29.04.2016;0.0020672913444034664
02.05.2016;-0.0015467545648078364
03.05.2016;0.0008815666229570865
04.05.2016;-0.001078605236573717
05.05.2016;0.0032357124922151887
06.05.2016;0.00010823336458651387
09.05.2016;0.004492533679964705
10.05.2016;-0.00042427435296029607
11.05.2016;-0.0011584254801370309
12.05.2016;-0.0019318946421855712
13.05.2016;0.0002960047335018785
16.05.2016;0.00030945226243322824
17.05.2016;-0.0027936395504819032
18.05.2016;-0.0008966991610791142
19.05.2016;0.002584258567508991
20.05.2016;-0.0007507702489460302
23.05.2016;-0.001596772718248507
24.05.2016;0.00013510494631385615
25.05.2016;0.002385709558009208
26.05.2016;-0.001296648163162691
27.05.2016;0.00019346547495726913
31.05.2016;0.000551516773904378
01.06.2016;-0.00195156910504925
02.06.2016;0.002426886249019684
03.06.2016;0.0038658518896628876
06.06.2016;0.0027386529639161095
07.06.2016;0.0002257571567560639
08.06.2016;0.003119595261117332
09.06.2016;0.004495482379311333
10.06.2016;0.001377888906689462
13.06.2016;-0.004185646783699352
14.06.2016;-0.001505628217766111
15.06.2016;-0.004486772882327715
16.06.2016;0.00356039787172948
17.06.2016;-0.0007583936523797921
20.06.2016;0.00030877996985818846
21.06.2016;0.0026616966460703806
22.06.2016;0.0010325311694833561
23.06.2016;0.0017294792431531046
24.06.2016;0.004509303932123003
27.06.2016;0.0023668729897205676
28.06.2016;0.0003304499454340197
29.06.2016;0.0030823141963402046
30.06.2016;0.0036541594016861537
01.07.2016;0.0026706567304073895
05.07.2016;0.0010469110153266395
06.07.2016;0.0009099074931647887
07.07.2016;-0.0010892690046278037
08.07.2016;0.006107929022295793
11.07.2016;-0.0010866394027314197
12.07.2016;-0.001553138690830054
13.07.2016;0.002833192757538509
14.07.2016;-0.00041329165956289615
15.07.2016;-0.0051642350903083
18.07.2016;-0.002753005712773825
19.07.2016;0.0032627989097859947
20.07.2016;-0.00235347344058851
21.07.2016;-0.00046078787088647604
22.07.2016;0.005306745496353935
25.07.2016;-0.0005203144937699221
26.07.2016;-0.00034748118294083887
27.07.2016;-0.0025876614044003854
28.07.2016;-0.000326716672423596
29.07.2016;-0.0005866382178157012
01.08.2016;0.00011478896190198623
02.08.2016;-2,76E+11
03.08.2016;0.0013242466809843983
04.08.2016;0.0009331598303202524
05.08.2016;0.0005025639369622761
08.08.2016;-0.002495405540128173
09.08.2016;-0.0007037746370418413
10.08.2016;-0.0005378068319487998
11.08.2016;0.0049844958255670264
12.08.2016;0.0002762467322679818
15.08.2016;0.0009401876607801878
16.08.2016;-0.0010139996990064955
17.08.2016;-0.0005246238310161943
18.08.2016;0.001641698308182257
19.08.2016;0.0002454487644733533
22.08.2016;-0.0005751825158163845
23.08.2016;0.0014785924631476694
24.08.2016;0.0012418621997763806
25.08.2016;-0.001734118145188316
26.08.2016;-0.003990011992469892
29.08.2016;0.00541036075210779
30.08.2016;-0.002207081762093546
31.08.2016;0.0008661731282807795
01.09.2016;0.002759759579761095
02.09.2016;0.0032813028946831867
06.09.2016;-0.00015950021032465648
07.09.2016;-0.002639287903092843
08.09.2016;-0.0018373105813411553
09.09.2016;-0.005600628328003821
12.09.2016;0.0034431315243036334
13.09.2016;-0.004465722566882862
14.09.2016;-0.001737733695736127
15.09.2016;0.0032308121229873894
16.09.2016;-0.001774237632172908
19.09.2016;0.00046952045464384185
20.09.2016;0.001329697345487417
21.09.2016;0.005139398410406797
22.09.2016;-2,99E+10
23.09.2016;-0.0013227642860752567
26.09.2016;-0.001374831429985564
27.09.2016;0.0013276311199629939
28.09.2016;-0.001161403433024751
29.09.2016;-0.0021279125187213944
30.09.2016;0.002446573348196787
03.10.2016;-0.0011303121318480295
04.10.2016;-0.0018821612334120716
05.10.2016;-0.001143321789837938
06.10.2016;0.0015738896139045016
07.10.2016;0.0006522091915243789
10.10.2016;-0.0007731973910421132
11.10.2016;-0.0016154477136342698
12.10.2016;0.0013355351610729788
13.10.2016;-5,84E+10
14.10.2016;0.00046589998426755904
17.10.2016;-0.001022951297675238
18.10.2016;0.002350871506084244
19.10.2016;-0.0006767919187283037
20.10.2016;0.0007639245072333847
21.10.2016;0.0010177307827596309
24.10.2016;0.0005653686430858774
25.10.2016;-0.00018293511163280408
26.10.2016;-0.0015731477040373542
27.10.2016;0.0014149303124438046
28.10.2016;-0.0009181205423308921
31.10.2016;0.0015372361144198657
01.11.2016;-0.0020375927672941557
02.11.2016;0.004697048388292189
03.11.2016;0.0005910514228556329
04.11.2016;-0.001152316689281631
07.11.2016;0.0022281807894806056
08.11.2016;-0.0014078943433788896
09.11.2016;0.00018969950820912386
10.11.2016;0.0012053947303309349
11.11.2016;1,95E+11
14.11.2016;0.0005447787630466967
15.11.2016;0.0006549747567820272
16.11.2016;0.0010898348087063658
17.11.2016;0.001131803372958113
18.11.2016;-0.0015006592659497862
21.11.2016;-9,38E+10
22.11.2016;-0.0004696316941461045
23.11.2016;0.002905270255053446
25.11.2016;0.004057556011428952
28.11.2016;0.002541772981203554
29.11.2016;0.000854448257726568
30.11.2016;-0.00153150692796674
01.12.2016;0.0029925749109867466
02.12.2016;-0.0003022776055764821
05.12.2016;-0.001388087355216774
06.12.2016;-0.002346434041134356
07.12.2016;0.0011516356570873546
08.12.2016;-0.0017897029976834799
09.12.2016;0.0035999010239116834
12.12.2016;0.00040331190992149227
13.12.2016;0.0016461282205598293
14.12.2016;-0.0007002066017258832
15.12.2016;0.002656249529771784
16.12.2016;0.000991109160751851
19.12.2016;0.002793005520882179
20.12.2016;0.00017450560329183157
21.12.2016;-0.0006253738716996536
22.12.2016;0.001537446614273312
23.12.2016;-0.0002456608722966173
27.12.2016;-0.0002731232573763305
28.12.2016;-0.003099027011432034
29.12.2016;0.0027497050345236173
30.12.2016;-0.0005919122161024687
03.01.2017;-0.0028326448857751638
04.01.2017;-0.0017824457964882592
05.01.2017;0.0019218419289018017
06.01.2017;0.002647833468711326
09.01.2017;0.00013623325588349834
10.01.2017;-0.0026863441750719494
11.01.2017;-0.0027735257911488754
12.01.2017;0.0009454856530200812
13.01.2017;-0.00048667715697741916
17.01.2017;0.0015052820408916682
18.01.2017;-0.0006672404444352507
19.01.2017;-0.0018716676161820438
20.01.2017;-0.0025268883632493
23.01.2017;-0.0007034294899613681
24.01.2017;0.0008733530009505744
25.01.2017;0.002701775566137898
26.01.2017;0.0019182281103232073
27.01.2017;0.003455204444016689
30.01.2017;-0.00295382745743935
31.01.2017;-0.0006836680823940288
01.02.2017;8,06E+10
02.02.2017;-6,66E+09
03.02.2017;-0.001867495803230806
06.02.2017;0.0012802676538704767
07.02.2017;0.00045991721308706254
08.02.2017;0.0003900549403193219
09.02.2017;-0.000625576327622653
10.02.2017;0.0021999088031196806
13.02.2017;-0.0005395443207263492
14.02.2017;0.0022183258632536597
15.02.2017;0.0015726890853263883
16.02.2017;0.003988123750538274
17.02.2017;0.0008664930428809922
21.02.2017;0.0020803459365424963
22.02.2017;0.002397993436025937
23.02.2017;0.00035903620147841975
24.02.2017;0.001491307383498041
27.02.2017;-7,49E+10
28.02.2017;9,19E+10
01.03.2017;0.0028773993981148077
02.03.2017;-0.001548483723847925
03.03.2017;-0.0020780605014164414
06.03.2017;0.001242340698255318
07.03.2017;0.0003842015605739305
08.03.2017;-0.0013725978737019135
09.03.2017;0.0009442029366621698
10.03.2017;-0.0017323522181735428
13.03.2017;0.000551679330853737
14.03.2017;-0.00013567955878990528
15.03.2017;-8,09E+10
16.03.2017;-0.0026830959453948847
17.03.2017;0.005541267690797224
20.03.2017;0.00018553138965187593
21.03.2017;-0.001122850027558302
22.03.2017;0.0017348256490682243
23.03.2017;-0.001151556882423535
24.03.2017;-0.00028523946370158913
27.03.2017;0.0017795306853193235
28.03.2017;0.0036288704376711447
29.03.2017;-0.001794205855751812
30.03.2017;0.0006723620414974527
31.03.2017;-0.0027204477987792354
03.04.2017;0.0003195438266794026
04.04.2017;0.0009620682805385303
05.04.2017;-0.0004169068956134704
06.04.2017;0.0011282570043346422
07.04.2017;-0.0009309491667787062
10.04.2017;0.0022863419046776157
11.04.2017;-0.002872712361279023
12.04.2017;0.001469475606304969
13.04.2017;-0.003891542652189053
17.04.2017;0.0012110868860169344
18.04.2017;-0.0018331438202542224
19.04.2017;0.00029349600837012173
20.04.2017;0.0019316850069331132
21.04.2017;0.0005182200954938557
24.04.2017;0.00041502745166158714
25.04.2017;0.0020722339097204055
26.04.2017;-0.0008346100517302674
27.04.2017;-0.0007036184940061107
28.04.2017;-3,82E+11
01.05.2017;-0.0006489031130401446
02.05.2017;0.0004419745860374342
03.05.2017;0.0009464579319005653
04.05.2017;0.001810757162170803
05.05.2017;0.0019195013344304474
08.05.2017;-0.0025829530319799957
09.05.2017;-0.0008695595340221929
10.05.2017;-0.0010654221320915017
11.05.2017;-0.002210979755402526
12.05.2017;-0.0012914053262672895
15.05.2017;-0.00026303022729835834
16.05.2017;-0.0037913903982532858
17.05.2017;-0.0003601231006008694
18.05.2017;0.0015612893485798971
19.05.2017;-0.0004989736157457341
22.05.2017;-0.0001425081618059757
23.05.2017;-0.0018081688032075193
24.05.2017;-0.0006792972723015031
25.05.2017;0.0006446885878339131
26.05.2017;-0.0003107709019583498
30.05.2017;0.0007068071641062268
31.05.2017;0.002130949206166316
01.06.2017;-0.000420812606830349
02.06.2017;1,27E+10
05.06.2017;0.0012406154791219652
06.06.2017;-0.0022667959257083297
07.06.2017;0.0007035028223024041
08.06.2017;-0.0024919059053922898
09.06.2017;0.004839211698773005
12.06.2017;0.00020799759453167315
13.06.2017;0.001613413865309056
14.06.2017;0.004222324487901637
15.06.2017;-0.0008561287381569518
16.06.2017;0.0014946114109597747
19.06.2017;-0.000990585860563933
20.06.2017;-0.0019269652897444076
21.06.2017;0.0002894295060870268
22.06.2017;-0.001896682555260342
23.06.2017;0.0019202483994935036
26.06.2017;0.0020401896170088264
27.06.2017;0.0017105229611556133
28.06.2017;-0.00040831182277622835
29.06.2017;-0.0021662358020476174
30.06.2017;0.0005214644595188453
03.07.2017;0.0021707971621360506
05.07.2017;-0.0022730697165781423
06.07.2017;-0.003580748475663739
07.07.2017;0.0014663132175648254
10.07.2017;-0.0009462827951761715
11.07.2017;-0.0016904483384028491
12.07.2017;-0.004973559290034669
13.07.2017;-0.0005206161610496116
14.07.2017;-0.00020188350638869089
17.07.2017;0.00013412638262761626
18.07.2017;-0.0006959954353467595
19.07.2017;-0.0002593810902114061
20.07.2017;0.0013841748811586202
21.07.2017;-0.00040556896301478535
24.07.2017;-0.0021639061205457836
25.07.2017;0.00048008193986438666
26.07.2017;0.0008621118573298033
27.07.2017;0.002436293583163305
28.07.2017;0.002624403836051425
31.07.2017;0.0010924248463710271
01.08.2017;0.003079473302352775
02.08.2017;0.0009719699018435714
03.08.2017;-0.0004293236348150188
04.08.2017;-0.0011815380098660067
07.08.2017;-0.0009888272690642623
08.08.2017;0.0006171354347136071
09.08.2017;0.003042962018646222
10.08.2017;0.0018398262899228393
11.08.2017;-0.0010707762940427206
14.08.2017;0.0017419373006345423
15.08.2017;0.0010850016547174458
16.08.2017;-0.0012468527367827716
17.08.2017;0.00026206997377677187
18.08.2017;0.00010379314980268894
21.08.2017;0.0007002699186417272
22.08.2017;0.0005702860561908653
23.08.2017;0.001439280459460956
24.08.2017;-0.0023315428851643327
25.08.2017;0.0029459598451103157
28.08.2017;-0.0006917837828356937
29.08.2017;0.0010397266167373534
30.08.2017;0.001715841125805992
31.08.2017;0.000977905936898011
01.09.2017;-0.0004167845688946544
05.09.2017;3,79E+10
06.09.2017;0.00014385941254858934
07.09.2017;-0.0004008607639328595
08.09.2017;0.0009501601072789008
11.09.2017;0.0008462344035306633
12.09.2017;-0.000702238903325864
13.09.2017;0.00037903953732058545
14.09.2017;0.001348800016014009
15.09.2017;0.0017061090003772372
18.09.2017;0.0002784373028886086
19.09.2017;-0.00022013609151116595
20.09.2017;0.0019845398085965183
21.09.2017;-0.0021388444660725816
22.09.2017;-0.0007341923221442503
25.09.2017;0.00043868414382556013
26.09.2017;-0.0018999293502715
27.09.2017;-0.001386457648850036
28.09.2017;-0.0013261201905878776
29.09.2017;0.0014797252913977346
02.10.2017;0.0010863827125155868
03.10.2017;-0.002013591505935888
04.10.2017;0.0001487456518247562
05.10.2017;-0.0001256990155613422
06.10.2017;-0.0010514073349893443
09.10.2017;-0.0008179916593909202
10.10.2017;0.0013338194954655208
11.10.2017;0.000686406960891398
12.10.2017;-2,99E+11
13.10.2017;0.0012012360254127984
16.10.2017;-0.0006329024188357912
17.10.2017;0.002951675442001925
18.10.2017;-0.0010379123244978732
19.10.2017;0.0019874136898559588
20.10.2017;0.00019047393244341765
23.10.2017;0.001042977311115682
24.10.2017;-0.0016128391944367653
25.10.2017;0.0013879061741301185
26.10.2017;0.000890474399873834
27.10.2017;-0.001502899849646806
30.10.2017;0.0004697473315703792
31.10.2017;-0.00019636017725661588
01.11.2017;0.0016329303323531076
02.11.2017;0.0011719445353994722
03.11.2017;-0.0007496926684544222
06.11.2017;0.002677988346811803
07.11.2017;-0.000504368137543872
08.11.2017;-0.00037203240996436324
09.11.2017;0.00106476085020409
10.11.2017;0.0010958889396802097
13.11.2017;0.000329096420963479
14.11.2017;-0.0006473387292654982
15.11.2017;-0.003600677933929844
16.11.2017;-0.0013432879790448334
17.11.2017;0.0009122896576902496
20.11.2017;0.0009044763557086732
21.11.2017;-0.0008898390715698093
22.11.2017;7,76E+10
24.11.2017;0.0005898092055366523
27.11.2017;0.0005191285140710828
28.11.2017;0.0006846300937150428
29.11.2017;0.003173243651175812
30.11.2017;0.0015260704851428625
01.12.2017;0.0013799980260027888
04.12.2017;-0.0010916235851994864
05.12.2017;-0.000265822262908772
06.12.2017;0.0005450558971998982
07.12.2017;-0.0028976735048233154
08.12.2017;0.0008136714941283154
11.12.2017;0.0009990585435586102
12.12.2017;-0.0004487881358105506
13.12.2017;0.0012181110998737484
14.12.2017;0.0004963790660169017
15.12.2017;9,50E+10
18.12.2017;-0.0014490365617596482
19.12.2017;-0.0011094279478959662
20.12.2017;-0.0014905320389728381
21.12.2017;0.00043626971727611045
22.12.2017;-0.0007395451674734406
26.12.2017;0.0002510351004924964
27.12.2017;0.001690039942237506
28.12.2017;0.0008265144314331522
29.12.2017;-0.0010209486525497267
02.01.2018;-0.0028325385775875163
03.01.2018;0.0005704473877013445
04.01.2018;0.0012428942536137498
05.01.2018;0.001277639532433994
08.01.2018;0.0004461779932322541
09.01.2018;0.00038445522171856583
10.01.2018;-0.0024417231843569132
11.01.2018;-0.0023051054084730974
12.01.2018;-0.0010273089498098783
16.01.2018;0.00026116696928794636
17.01.2018;0.0009951577975351603
18.01.2018;0.0012598472020504403
19.01.2018;0.001093652526903138
22.01.2018;0.001950965364794457
23.01.2018;0.002350525313464938
24.01.2018;0.0015852935518599256
25.01.2018;0.0021013676429752623
26.01.2018;-0.0016778492710533398
29.01.2018;0.0009522781574803681
30.01.2018;0.0014268474150015485
31.01.2018;0.002492699680011132
01.02.2018;-0.0006980180799301141
02.02.2018;-0.0005416306933307084
05.02.2018;-0.0026375354592833972
06.02.2018;-0.002680401052855513
07.02.2018;0.0007539095729906758
08.02.2018;9,82E+09
09.02.2018;-0.001038004557694247
12.02.2018;-0.00042621264003240926
13.02.2018;-0.0003665678675626384
14.02.2018;-0.0022086284694786745
15.02.2018;0.0006870386367724646
16.02.2018;-9,11E+08
20.02.2018;-0.003087241130964264
21.02.2018;-0.002511277375408678
22.02.2018;-0.0026490792620802815
23.02.2018;0.004619902487071295
26.02.2018;-0.00045878272543552114
27.02.2018;-0.001144506882882128
28.02.2018;-3,59E+10
01.03.2018;0.0016948540849521317
02.03.2018;0.0005579568823862386
05.03.2018;0.00172385249486728
06.03.2018;-0.0013101786403875127
07.03.2018;0.001139588917762661
08.03.2018;0.00016204898059535029
09.03.2018;-0.0018471936733562844
12.03.2018;0.0012222662772863966
13.03.2018;0.0006185794265551017
14.03.2018;0.0009573795524299459
15.03.2018;-0.0017818330321125214
16.03.2018;0.0012963021863856101
19.03.2018;-0.001449700622650205
20.03.2018;-0.0005265368258666105
21.03.2018;-0.0016897750597738884
22.03.2018;0.0006589728490334335
23.03.2018;-5,86E+10
26.03.2018;0.0003150240159280227
27.03.2018;0.006626470969657773
28.03.2018;-0.00029059925905179987
29.03.2018;-0.002308791428428576
02.04.2018;0.0011502666519799685
03.04.2018;0.0021676830697034528
04.04.2018;0.0007083506503665286
05.04.2018;0.0009082222239939516
06.04.2018;8,43E+07
09.04.2018;0.0011703093389744883
10.04.2018;-0.0015696988234927566
11.04.2018;0.004128522912007517
12.04.2018;-0.0024012190263610384
13.04.2018;0.004786615391021171
16.04.2018;0.00591349373152927
17.04.2018;-0.0013871680427318268
18.04.2018;-0.002262026922185726
19.04.2018;0.0008998180629931999
20.04.2018;0.0002100809617936964
23.04.2018;0.0019682006213904515
24.04.2018;0.0023725068325200355
25.04.2018;-0.0011092117710197347
26.04.2018;-0.0008912690294452354
27.04.2018;0.0008408166405604271
30.04.2018;0.004049720172262493
01.05.2018;-0.005030492312759144
02.05.2018;-0.00184637041470419
03.05.2018;-0.0007924670377742263
04.05.2018;-0.0024697090431550746
07.05.2018;-0.002292652035553907
08.05.2018;-0.0022844555395363977
09.05.2018;-0.00014608351553060603
10.05.2018;0.0006433207028415061
11.05.2018;-0.0018091499605988304
14.05.2018;-0.0039587891214751215
15.05.2018;0.0025402602573909236
16.05.2018;-0.002339908032791857
17.05.2018;-0.001786991808374735
18.05.2018;-0.0025246868615947716
21.05.2018;0.0015104349652898476
22.05.2018;-0.0005850601273077387
23.05.2018;-0.0007169435474639729
24.05.2018;0.0021791196524984877
25.05.2018;0.00019083737825171425
29.05.2018;-0.0003975311079048426
30.05.2018;-0.00042034116544611825
31.05.2018;-0.0007318197980481146
01.06.2018;-0.0025084098063733597
04.06.2018;0.0003227382153795852
05.06.2018;-0.0008510629939720417
06.06.2018;-0.0013566323818039153
07.06.2018;0.004252878737097825
08.06.2018;-0.00023867696753108927
11.06.2018;0.0019139612360634102
12.06.2018;0.002044986640041908
13.06.2018;-0.00127016344075811
14.06.2018;0.0013433170759798911
15.06.2018;0.005293164718410339
18.06.2018;0.003207811931102242
19.06.2018;0.0003505444067304134
20.06.2018;0.0018706609619353603
21.06.2018;-0.001652085281494133
22.06.2018;0.0027900034915603303
25.06.2018;0.0018549270834648445
26.06.2018;0.0015609198624952942
27.06.2018;0.0014308817317808297
28.06.2018;0.0008046133525652721
29.06.2018;-0.0013460472704937717
02.07.2018;0.0002521623315870458
03.07.2018;0.0034634835976309446
05.07.2018;0.0024032573375435727
06.07.2018;-0.00027515898474835617
09.07.2018;-0.004483923809745461
10.07.2018;0.003735439615980192
11.07.2018;0.0012823265299612234
12.07.2018;0.0001122729219592898
13.07.2018;0.00033019581512182944
16.07.2018;4,69E+11
17.07.2018;-0.0014929335595666217
18.07.2018;-0.0023249304978631
19.07.2018;0.0020325058031544093
20.07.2018;0.00126335362154026
23.07.2018;-0.0009721466941555859
24.07.2018;0.0004647078419464111
25.07.2018;0.0023280961187751624
26.07.2018;0.000602782011338824
27.07.2018;0.002151531341226669
30.07.2018;-0.003288486638507969
31.07.2018;-0.0016804792327683301
01.08.2018;0.0033400325518571972
02.08.2018;-8,83E+09
03.08.2018;-0.003204266671149616
06.08.2018;0.0006863878264083848
07.08.2018;-0.002016910514215531
08.08.2018;0.00017686714614473112
09.08.2018;-0.000786157682736338
10.08.2018;0.0008256534217954753
13.08.2018;-0.002421394806552879
14.08.2018;-0.0008801094154382985
15.08.2018;0.0018608283056487408
16.08.2018;0.0001281771966225192
17.08.2018;0.004218670410344679
20.08.2018;-0.00014863285197492875
21.08.2018;-0.00030561970555323045
22.08.2018;-0.0020172151984742107
23.08.2018;-0.0003958789492552225
24.08.2018;0.0007428022458676864
27.08.2018;-0.000306349479917834
28.08.2018;-0.0016081734425036718
29.08.2018;0.001587386496966816
30.08.2018;-0.00036230722615328845
31.08.2018;0.001648961065659876
04.09.2018;0.0013298204240160276
05.09.2018;0.0017481119153222873
06.09.2018;0.002790107650552302
07.09.2018;0.0011170521943060178
10.09.2018;-0.0003863415323297559
11.09.2018;-0.0006229139737955061
12.09.2018;-0.0010737411466849815
13.09.2018;0.003345049783368613
14.09.2018;-0.0009158225506500775
17.09.2018;0.0019823486901962913
18.09.2018;0.0005094002433395509
19.09.2018;-0.0034499201766779028
20.09.2018;-0.002199198171641659
21.09.2018;0.0007550453521492765
24.09.2018;-0.0007893254427099976
25.09.2018;0.0014577149709670413
26.09.2018;-0.0005001844023493325
27.09.2018;0.0011278144390652002
28.09.2018;0.002643114865086375
01.10.2018;-0.0036455611109572055
02.10.2018;-0.00023210598627861718
03.10.2018;-0.004114563949977366
04.10.2018;0.00329598279756176
05.10.2018;0.005617355667930196
08.10.2018;0.0020034479679784164
09.10.2018;0.0017680439250144678
10.10.2018;-0.0012693158491644371
11.10.2018;0.00015207234056801265
12.10.2018;-0.0038290443857573295
15.10.2018;0.004514851998133888
16.10.2018;0.002374250574279852
17.10.2018;-9,29E+09
18.10.2018;0.003727057536904801
19.10.2018;-0.00244810314081081
22.10.2018;-0.0011114614642795742
23.10.2018;0.0014536035142705276
24.10.2018;0.0028551858215284556
25.10.2018;-0.0010605022969260684
26.10.2018;0.0037492699097349145
29.10.2018;0.003138529901470317
30.10.2018;-0.003158360015981804
31.10.2018;-0.0017327442768764918
01.11.2018;-0.0016303486011992633
02.11.2018;0.0015749737935279173
05.11.2018;0.000743270588790295
06.11.2018;0.002653499366616828
07.11.2018;-0.00017303780897398265
08.11.2018;0.0010978591941322373
09.11.2018;0.0029003722553848435
12.11.2018;0.001939471971258926
13.11.2018;-0.002016103916128525
14.11.2018;0.002475424465077837
15.11.2018;0.0016609994250910887
16.11.2018;0.004513503117577731
19.11.2018;0.0015912503697280587
20.11.2018;-0.0012718782382714713
21.11.2018;-0.0020994057164721623
23.11.2018;-0.0005672155878702003
26.11.2018;-0.0004153893250060823
27.11.2018;-0.002179912697829203
28.11.2018;8,55E+09
29.11.2018;0.00031272053291319757
30.11.2018;-0.0027154661712018484
03.12.2018;-0.0013252601452049236
04.12.2018;0.0026654808866281255
06.12.2018;-0.0014294256178829434
07.12.2018;0.0006554167605503265
10.12.2018;0.004874513810906683
11.12.2018;-0.003402418710782569
12.12.2018;0.003005587522475887
13.12.2018;0.0013585703364277276
14.12.2018;-0.0011950060345592528
17.12.2018;-0.0008768017851119398
18.12.2018;-0.004577250675225586
19.12.2018;-0.0002900418132036433
20.12.2018;-0.00026588570779059306
21.12.2018;0.0015606534457954964
24.12.2018;-0.006288147690594382
26.12.2018;0.0005183620247063711
27.12.2018;0.005704032601555813
28.12.2018;0.00108695802495162
31.12.2018;0.000668809982140683
02.01.2019;-0.0031881535171267156
03.01.2019;-0.0013762269769066037
04.01.2019;-0.0004269639609986572
07.01.2019;0.0002828098788263593
08.01.2019;0.001970760879140052
09.01.2019;-0.0008550637153228345
10.01.2019;0.0017089591645181802
11.01.2019;-0.0008222862121828748
14.01.2019;-0.0025829008921097003
15.01.2019;0.001833571528867217
16.01.2019;0.0017747350127319907
17.01.2019;0.002865924347353161
18.01.2019;0.001976034505340755
22.01.2019;0.004439019414636983
23.01.2019;0.0026181514514664063
24.01.2019;-0.001997536140926488
25.01.2019;-0.0017479106185192082
28.01.2019;0.0035948630436678395
29.01.2019;0.0015377336516351888
30.01.2019;-0.0015941469560089658
31.01.2019;0.0022866051856979784
01.02.2019;0.004338740666386278
04.02.2019;0.0030591919848445377
05.02.2019;0.001049370855864643
06.02.2019;-0.0017957464428892196
07.02.2019;0.0017194645987761202
08.02.2019;0.0007674886008881944
11.02.2019;-0.004867326276365757
12.02.2019;-0.005182138806797917
13.02.2019;0.0034955734771038947
14.02.2019;0.0008125350241129094
15.02.2019;0.002991814475075993
19.02.2019;0.0008971119883787043
20.02.2019;0.0024812834015024198
21.02.2019;0.0008784189418733807
22.02.2019;0.0010916776284436661
25.02.2019;-0.0019434089283974422
26.02.2019;0.002143397914225663
27.02.2019;9,38E+10
28.02.2019;0.0012266676687610887
01.03.2019;0.004599453628317953
04.03.2019;-0.00010648571120506437
05.03.2019;0.0029769382256697448
06.03.2019;0.002400055101972755
07.03.2019;-0.0028126436848976404
08.03.2019;-0.00014246307819596425
11.03.2019;0.0023038171763726987
12.03.2019;-0.0009703464852241636
13.03.2019;0.002344333510468868
14.03.2019;-0.00037710472606096055
15.03.2019;0.0007902551597453096
18.03.2019;0.0003347756741423238
19.03.2019;-0.0018116716030930724
20.03.2019;-0.005734479834419882
21.03.2019;0.0024190056862695257
22.03.2019;0.0018445713215480474
25.03.2019;-0.0009869646687309568
26.03.2019;0.0016513191550558768
27.03.2019;-0.0017828265427648434
28.03.2019;-0.0022600049436083025
29.03.2019;0.002671280131441765
01.04.2019;-0.001530923413573455
02.04.2019;0.001144331426169013
03.04.2019;-0.0014043278334172687
04.04.2019;0.0055505591176749506
05.04.2019;0.0025332086550148196
08.04.2019;-0.00026551507632833923
09.04.2019;0.00016019086480855717
10.04.2019;-0.00285635813770005
11.04.2019;0.00017277838533918879
12.04.2019;0.0007678006598689348
15.04.2019;0.0025139176836314996
16.04.2019;-0.00011279455877291492
17.04.2019;0.0032818543370630587
18.04.2019;-0.0050868236712022265
22.04.2019;-0.0021590679144392853
23.04.2019;0.0010239444813486668
24.04.2019;-0.00099617586532971
25.04.2019;0.0002928006291031003
26.04.2019;0.0010244256467347604
29.04.2019;0.0008089728667039892
30.04.2019;0.0025622495148218643
01.05.2019;-0.002330600482420569
02.05.2019;-5,37E+10
03.05.2019;-0.001771792857487842
06.05.2019;0.0008791585598169366
07.05.2019;0.0009510668635290928
08.05.2019;-0.00039461839974635213
09.05.2019;0.001906150641960094
10.05.2019;0.0042741075210224865
13.05.2019;-0.00036929177146798053
14.05.2019;0.0005766545986255044
15.05.2019;-0.000987253266076256
16.05.2019;-0.001141495100197154
17.05.2019;-8,42E+10
20.05.2019;0.0012149651582438832
21.05.2019;0.0018655288431903526
22.05.2019;-0.00019505421784406056
23.05.2019;0.00017034359975603552
24.05.2019;-2,79E+11
28.05.2019;-0.0021761917359254825
29.05.2019;-0.003908039948605316
30.05.2019;0.0020324230843490887
31.05.2019;0.0011689581447662666
03.06.2019;0.0019530851690157773
04.06.2019;0.004585218287263121
05.06.2019;0.0024826012310498417
06.06.2019;0.0012634318157439834
07.06.2019;0.002183259169987825
10.06.2019;0.00038279936612905813
11.06.2019;0.0007811199664169206
12.06.2019;0.0037407089479189934
13.06.2019;4,18E+11
14.06.2019;0.0030840233824568106
17.06.2019;0.0019695229896125564
18.06.2019;0.0005645258376487765
19.06.2019;-0.0001229982962082742
20.06.2019;0.0016117422610997445
21.06.2019;0.0030254265699021046
24.06.2019;0.004637624355612312
25.06.2019;0.0006305386155076552
26.06.2019;-0.0031264553840972195
27.06.2019;0.0016699696720300099
28.06.2019;0.0015637477980224765
01.07.2019;-0.0010674380253935857
02.07.2019;0.0038539502401979606
03.07.2019;0.0017383069113072686
05.07.2019;-0.00039603278041933847
08.07.2019;-0.0018289756995440087
09.07.2019;-0.0020494901320436227
10.07.2019;0.002478501212818337
11.07.2019;0.004294593855291814
12.07.2019;0.0024592751987298263
15.07.2019;0.0018233230074544624
16.07.2019;-0.001542887518617228
17.07.2019;-0.0008623156832429325
18.07.2019;0.002226401459925697
19.07.2019;-0.0016630270196786902
22.07.2019;-0.0009703465501531747
23.07.2019;0.0015548447943810476
24.07.2019;-0.0009726385666753476
25.07.2019;0.0016673629512279214
26.07.2019;0.00041557420430371407
29.07.2019;-0.000288472837019986
30.07.2019;0.0009293763556560664
31.07.2019;-0.001067553936022622
01.08.2019;0.0001181084971732544
02.08.2019;0.0033981000083896313
05.08.2019;-0.003222177996881963
06.08.2019;0.0005448997241022063
07.08.2019;0.006871884460799104
08.08.2019;0.0011056801131617841
09.08.2019;0.004664449498065421
12.08.2019;-0.0001084208551505898
13.08.2019;0.00022267188573417245
14.08.2019;-0.008377002309909492
15.08.2019;0.0027161025731640676
16.08.2019;0.004701346783551218
19.08.2019;0.005138073523137662
20.08.2019;-0.0029121951714723504
21.08.2019;-0.00044947338437374305
22.08.2019;0.0006951944804814529
23.08.2019;-0.004941581936227917
26.08.2019;0.003961543061469104
27.08.2019;0.0034998683326892925
28.08.2019;-0.0015044189742675611
29.08.2019;-0.0012806578122648822
30.08.2019;0.0020216800894813976
03.09.2019;0.002673177776970913
04.09.2019;0.004582092793013207
05.09.2019;-0.00318996078500161
06.09.2019;0.00033274315144734754
09.09.2019;0.0008666130817772243
10.09.2019;0.0005889446822994477
11.09.2019;0.0020436003895341155
12.09.2019;0.0019261048805938737
13.09.2019;-3,49E+10
16.09.2019;-0.002470522968068982
17.09.2019;0.003428419232909761
18.09.2019;0.0031211127979737952
19.09.2019;0.0008435924819542198
20.09.2019;-3,83E+11
23.09.2019;0.0001146454276241387
24.09.2019;2,33E+11
25.09.2019;0.0001710796024287655
26.09.2019;-0.0024184880340443462
27.09.2019;-0.0003975866065007083
30.09.2019;0.0007695637967117686
01.10.2019;-0.0013352338844365495
02.10.2019;-0.0044713332581037945
03.10.2019;0.0031143363464381704
04.10.2019;0.0014672829570110465
07.10.2019;-0.002133809955471829
08.10.2019;0.0009036427324437292
09.10.2019;-0.00038649734216737036
10.10.2019;0.00013798613045388694
11.10.2019;-0.0007821476881708219
14.10.2019;-0.0013608505387860915
15.10.2019;0.002046045185161843
16.10.2019;0.004380734412557469
17.10.2019;-0.0007562983285885276
18.10.2019;0.0028778473218958583
21.10.2019;0.0020682274499183905
22.10.2019;0.002505135546880712
23.10.2019;-0.0015559020008132233
24.10.2019;0.0011246494942001976
25.10.2019;0.0003537617686027619
28.10.2019;-0.0009605247421023509
29.10.2019;-0.00047555894858611455
30.10.2019;0.0001042907014632789
31.10.2019;0.0009570569999668345
01.11.2019;0.0008570237279677071
04.11.2019;-0.0004608969092767829
05.11.2019;-0.0010916192852374615
06.11.2019;0.0020600247401520084
07.11.2019;0.00042437368245264173
08.11.2019;-0.0017450008625093797
11.11.2019;3,75E+10
12.11.2019;-0.0011052613241226497
13.11.2019;0.00035444500183880526
14.11.2019;0.001086633403400926
15.11.2019;0.00019403227708606786
18.11.2019;0.0006781273442132184
19.11.2019;-0.0004921530454106936
20.11.2019;0.0010111446670475442
21.11.2019;-0.00040432708736024003
22.11.2019;0.0009363239527010398
25.11.2019;-0.0008962357642939341
26.11.2019;0.0008507126601014798
27.11.2019;0.0021882917443614954
29.11.2019;-0.003115242946436244
02.12.2019;-0.0008729135289049748
03.12.2019;0.00015499713172306955
04.12.2019;0.000866010232244677
05.12.2019;0.0033650616987013866
06.12.2019;-0.0002633844413976441
09.12.2019;-0.000585065285090131
10.12.2019;0.0006852888771249578
11.12.2019;0.0016364469271745437
12.12.2019;-0.001961517316197287
13.12.2019;0.0001545209493568902
16.12.2019;0.0006371799501917129
17.12.2019;-3,68E+11
18.12.2019;-0.0014289689033547732
19.12.2019;-0.0011812036476859609
20.12.2019;0.0007396034757700242
23.12.2019;-0.001926921516003014
24.12.2019;0.002043888675209476
26.12.2019;0.0007282517104874017
27.12.2019;0.002163984092009641
30.12.2019;-0.00013424399637295662
31.12.2019;0.0016559503999965593
02.01.2020;-0.004192705930875293
03.01.2020;0.0024157496792808824
06.01.2020;0.002775135933491335
07.01.2020;-0.0038785546310698533
08.01.2020;-0.0014493108697711363
09.01.2020;0.002043551380290593
10.01.2020;0.004365160934466745
13.01.2020;-0.0008596993289511376
14.01.2020;0.0032207606098227197
15.01.2020;9,35E+10
16.01.2020;0.0010520848394739843
17.01.2020;0.0005854186954737921
21.01.2020;0.0018256901025667821
22.01.2020;-0.002663491963810351
23.01.2020;0.002102420957776417
24.01.2020;0.0016311333572272284
27.01.2020;0.0017505232445654845
28.01.2020;-0.0021609976617726493
29.01.2020;-0.003308764970612866
30.01.2020;0.0004284901945056396
31.01.2020;0.001976947498046335
03.02.2020;-0.001072340878086019
04.02.2020;-0.004548718232778625
05.02.2020;-0.001024176850602626
06.02.2020;9,33E+10
07.02.2020;-0.00039959612968336247
10.02.2020;-0.00048283327079124186
11.02.2020;0.0007292191338073677
12.02.2020;0.0011021264034200401
13.02.2020;0.00040586063993862387
14.02.2020;-0.0014587592159301089
18.02.2020;0.0029336738639887568
19.02.2020;-0.0026516614705038685
20.02.2020;-0.0008201554431076889
21.02.2020;0.0021256032930869182
24.02.2020;0.004755978398076262
25.02.2020;-0.003058704010981803
26.02.2020;-0.000851561516476072
27.02.2020;0.0005077049728131298
28.02.2020;-0.004832542698371101
02.03.2020;0.0038368557632855226
03.03.2020;0.00048411852507138087
04.03.2020;0.007943578232137026
05.03.2020;5,93E+10
06.03.2020;0.006220024375605841
09.03.2020;-0.0010675390469376683
10.03.2020;4,31E+10
11.03.2020;-0.0031689414804341627
12.03.2020;0.001353073185186432
13.03.2020;-0.0060828370079132
16.03.2020;0.0036759923476934256
17.03.2020;-0.002765411691942929
18.03.2020;0.0009043576811316179
19.03.2020;-0.0015720665297577277
20.03.2020;0.00161425225417303
23.03.2020;0.0002349088735896336
24.03.2020;-0.006071653567864994
25.03.2020;-0.0019326645768524778
26.03.2020;-0.002835334781874154
27.03.2020;0.000896831854577609
30.03.2020;0.002170958300803885
31.03.2020;-0.00020379567843815168
01.04.2020;0.004659981242502538
02.04.2020;0.001844815346034567
03.04.2020;-0.000753987439610681
06.04.2020;-0.004918409059766527
07.04.2020;-0.0002320920688039024
08.04.2020;-0.0030443004331502837
09.04.2020;0.002347924268156349
13.04.2020;-0.0020132254488782397
14.04.2020;0.00510861433246782
15.04.2020;4,71E+11
16.04.2020;0.004200516236122987
17.04.2020;0.004174312856881612
20.04.2020;0.0012376859076531164
21.04.2020;0.0020577487444447514
22.04.2020;0.0002915401064901785
23.04.2020;0.002091283626229512
24.04.2020;5,71E+10
27.04.2020;0.0022592940254980917
28.04.2020;-0.0013243252035539518
29.04.2020;-0.0013367190362182212
30.04.2020;0.001393210167647433
01.05.2020;0.0035114415087902084
04.05.2020;-0.0012655127945149518
05.05.2020;0.00295172204542863
06.05.2020;0.00435422370834348
07.05.2020;0.001290495751838757
08.05.2020;0.0038570800650297547
11.05.2020;-8,48E+10
12.05.2020;-0.003932839404328363
13.05.2020;0.00016625938169122223
14.05.2020;-0.0007088285588055243
15.05.2020;-7,41E+10
18.05.2020;0.004513037798319991
19.05.2020;0.001296360500793845
20.05.2020;0.002394097261218959
21.05.2020;-0.0037325788481002153
22.05.2020;-0.002859475202750034
26.05.2020;-0.0012733209802786574
27.05.2020;0.005220347260139212
28.05.2020;-0.0002200354266236942
29.05.2020;0.009079178749781371
01.06.2020;0.0029328584782270777
02.06.2020;-0.001219183261205188
03.06.2020;-8,26E+10
04.06.2020;0.0008728892496991051
05.06.2020;0.0009747614642808527
08.06.2020;-0.0004640896460168815
09.06.2020;-0.0049019850704127566
10.06.2020;-0.0018562405376791238
11.06.2020;-0.004821767837667339
12.06.2020;-0.004947059649158794
15.06.2020;0.0011901047788030238
16.06.2020;-0.0009820587067411097
17.06.2020;-0.000141279212217826
18.06.2020;-0.0014676784774763252
19.06.2020;0.0001957882679854703
22.06.2020;0.005130046724776064
23.06.2020;-0.0032828536654416905
24.06.2020;-0.00024103374178211304
25.06.2020;-0.003171147601516417
26.06.2020;-0.00045789389781215536
29.06.2020;0.005542396602152222
30.06.2020;0.0004321643364528446
01.07.2020;0.007001034784178314
02.07.2020;0.0047327222300112114
06.07.2020;0.00536481370697285
07.07.2020;0.0022987275359762777
08.07.2020;-0.004757994041891546
09.07.2020;-0.00015728201697167397
10.07.2020;0.00298281535984243
13.07.2020;-0.001808885057904103
14.07.2020;0.005842694859280926
15.07.2020;0.0044839214123369876
16.07.2020;0.0003086553494067038
17.07.2020;-0.00039090956821125414
20.07.2020;0.002004894944442832
21.07.2020;0.000980128785553399
22.07.2020;-0.00019329885071505673
23.07.2020;-0.002348833495648847
24.07.2020;-0.005063668149599264
27.07.2020;6,31E+10
28.07.2020;0.0030026513315204104
29.07.2020;0.0005725808559489294
30.07.2020;0.0006822493683731558
31.07.2020;0.006520439584836994
03.08.2020;3,11E+10
04.08.2020;0.00811033297130139
05.08.2020;-0.004430319076076144
06.08.2020;0.0032804063869769505
07.08.2020;0.002028034249120555
10.08.2020;-0.002080575714272089
11.08.2020;-0.000559634830191484
12.08.2020;0.0011254210849233216
13.08.2020;-0.0003088444267688687
14.08.2020;0.0010715408351195123
17.08.2020;0.005486550830293173
18.08.2020;0.0023315630318637955
19.08.2020;-0.003802300891874222
20.08.2020;0.00018546677771512018
21.08.2020;-0.0005506731172807936
24.08.2020;0.001965519135103056
25.08.2020;0.0016701367316306931
26.08.2020;0.0035276185516746675
27.08.2020;-0.0035850525598643507
28.08.2020;-0.0025875086048984834
31.08.2020;3,15E+10
01.09.2020;-0.004021314577064099
02.09.2020;0.0028441467480506623
03.09.2020;-0.005133448742372803
04.09.2020;-0.0015763116732295137
08.09.2020;0.0012046178755971953
09.09.2020;0.003532733959846487
10.09.2020;-0.004714686381615801
11.09.2020;-0.0010021353801398696
14.09.2020;0.0017770926953945155
15.09.2020;-0.00044605372879520395
16.09.2020;-0.002486557617971183
17.09.2020;0.0005572343532963173
18.09.2020;0.0010635154001798334
21.09.2020;-0.004574269890215515
22.09.2020;0.007835569420429098
23.09.2020;-0.0013784934593700374
24.09.2020;-0.0005370989752097861
25.09.2020;-0.0005669439545074213
28.09.2020;0.0028752735810892646
29.09.2020;-0.0028530906869438056
30.09.2020;-0.0029437508652231897
01.10.2020;0.0030783354175986798
02.10.2020;0.0002194681308202895
05.10.2020;0.000893209934097694
06.10.2020;-0.003950140452544999
07.10.2020;0.002374089437467251
08.10.2020;-0.00025831026815636114
09.10.2020;0.0056134026580367345
12.10.2020;0.0003662434938373105
13.10.2020;-0.0032592632022620206
14.10.2020;-0.00012347527323683296
15.10.2020;0.0030817122417908663
16.10.2020;0.002056551533329721
19.10.2020;-0.006774449924983962
20.10.2020;-0.001923037151107448
21.10.2020;0.002342344841548613
22.10.2020;0.004126605733539344
23.10.2020;0.0025347381089763457
26.10.2020;-0.006111783619049651
27.10.2020;0.0017635289658609497
28.10.2020;-0.006752527378007801
29.10.2020;-9,70E+10
30.10.2020;0.00017651487118341665
02.11.2020;0.0012527249132272744
03.11.2020;0.0012452463330932537
04.11.2020;-0.0020646937435550993
05.11.2020;-0.0007088330946192775
06.11.2020;0.001128963996120026
09.11.2020;-0.00023256705292160063
10.11.2020;0.005306617667391321
11.11.2020;0.0017777652803442562
12.11.2020;-0.0005472989351938198
13.11.2020;0.002158187827650721
16.11.2020;0.003218795743971126
17.11.2020;0.0008393141654499531
18.11.2020;-0.004299915010667784
19.11.2020;0.006368073240602596
20.11.2020;-0.0034932882410487033
23.11.2020;-0.001217581769042144
24.11.2020;0.0009123759701249526
25.11.2020;0.0023718039960082303
27.11.2020;-0.001007138473199344
30.11.2020;0.00041219232157973466
01.12.2020;0.001027366974521872
02.12.2020;-0.002306665184775509
03.12.2020;-0.0002600815364999457
04.12.2020;-0.0004176751435985629
07.12.2020;-0.0010784080630368647
08.12.2020;0.00011728929767154098
09.12.2020;0.0034225031752751463
10.12.2020;-0.0007331665917644705
11.12.2020;-0.0003940672068678758
14.12.2020;0.0002419551798587121
15.12.2020;0.005190294655646511
16.12.2020;0.0037774255263215845
17.12.2020;0.004322937068607235
18.12.2020;0.004559871705005102
21.12.2020;-0.0009739808042166106
22.12.2020;-0.0012222410378854268
23.12.2020;0.0014025128761806574
24.12.2020;-0.0008131431237828786
28.12.2020;-0.0013007122329215472
29.12.2020;-0.0025761445065067487
30.12.2020;0.0003373792846306078
31.12.2020;0.007622808818777086
04.01.2021;-0.002351714090974318
05.01.2021;-0.0015536250738165292
06.01.2021;0.005529875759147608
07.01.2021;-0.0018676312727180264
08.01.2021;0.0012902700117749162
11.01.2021;0.0009315679991506193
12.01.2021;-0.002715368794425918
13.01.2021;0.003174357702481559
14.01.2021;-0.0022484740971920906
15.01.2021;-0.0005051749114836088
19.01.2021;-0.0011291541913291325
20.01.2021;0.003279212632623822
21.01.2021;-0.0009149881189717433
22.01.2021;0.0030124172581435264
25.01.2021;0.0018942028503853396
26.01.2021;-0.0026180786647745325
27.01.2021;-0.0016039147907591436
28.01.2021;-0.0032912033604217796
29.01.2021;-0.0011839411527200337
01.02.2021;-0.0004132169392568859
02.02.2021;0.00447444256722794
03.02.2021;-0.00026535660135336165
04.02.2021;-0.0009686807190961641
05.02.2021;0.004825399724816529
08.02.2021;0.0012266666167472804
09.02.2021;0.0006255335584315091
10.02.2021;0.0009769428620710545
11.02.2021;-0.0010953741286300698
12.02.2021;0.004395190595821723
16.02.2021;-0.003031674757718488
17.02.2021;0.0052265414245192005
18.02.2021;0.0002927435298176271
19.02.2021;-0.009931253731987267
22.02.2021;-0.0035237630617661183
23.02.2021;1,11E+10
24.02.2021;0.0016526914515262968
25.02.2021;-0.0007518273163615464
26.02.2021;-0.005317416072434765
01.03.2021;-0.002110765093721346
02.03.2021;-0.003872911308043925
03.03.2021;0.0007280260551263641
04.03.2021;0.00010742553531687196
05.03.2021;0.004374133389412359
08.03.2021;0.002916805678081769
09.03.2021;-0.004171888165893891
10.03.2021;0.0011318138351122118
11.03.2021;-0.0020643141667681933
12.03.2021;0.005110426470874695
15.03.2021;0.002698148540106585
16.03.2021;0.001299434981891084
17.03.2021;-0.003263790448964965
18.03.2021;0.003845022347490158
19.03.2021;-0.0004020190076277745
22.03.2021;0.006740065103938479
23.03.2021;0.003795559565815616
24.03.2021;-0.0038428346515698517
25.03.2021;0.002002576879313228
26.03.2021;0.002852141228278789
29.03.2021;0.006430039008944156
30.03.2021;-0.002708034060123871
31.03.2021;-0.007586567750692536
01.04.2021;-0.000292127084516994
05.04.2021;0.0034540128235014114
06.04.2021;0.004233668948533885
07.04.2021;-0.0004305834906737746
08.04.2021;-0.006728027840100894
09.04.2021;0.0017409006289179
12.04.2021;-0.002419515494964855
13.04.2021;-9,46E+10
14.04.2021;-0.0017030591246535044
15.04.2021;0.0028677795126648953
16.04.2021;0.0012783941012576444
19.04.2021;0.0007456772524768666
20.04.2021;0.0043873223894059935
21.04.2021;-0.00046513412155878677
22.04.2021;0.0029887929543360265
23.04.2021;-0.004833929733237036
26.04.2021;-0.003434680276244012
27.04.2021;0.0013074979944756586
28.04.2021;0.0006930137241470638
29.04.2021;0.0020915817967067734
30.04.2021;0.0017584829980264835
03.05.2021;0.0006411014254188655
04.05.2021;-0.0009165286763573341
05.05.2021;-8,49E+10
06.05.2021;0.0011478601531968841
07.05.2021;-0.0017289173644462364
10.05.2021;0.006907095235771887
11.05.2021;-0.0038885196539135843
12.05.2021;-0.0008564821391197999
13.05.2021;0.0018150810572028842
14.05.2021;0.0018064169193273592
17.05.2021;-0.0005564585399574796
18.05.2021;-0.0007300066175545906
19.05.2021;-0.0011066673234346415
20.05.2021;0.002856844531510143
21.05.2021;1,53E+11
24.05.2021;-0.00509402445071269
25.05.2021;-0.002852052335003636
26.05.2021;0.0033561521701419195
27.05.2021;-0.001489580326159977
28.05.2021;0.0011669395863474897
01.06.2021;-0.001784544498765906
02.06.2021;0.003229480037473561
03.06.2021;0.0020343247799205137
04.06.2021;-0.003295719552858702
07.06.2021;-0.0014103482660963065
08.06.2021;-0.004683653433307145
09.06.2021;0.0031882715816153834
10.06.2021;0.006582823706105075
11.06.2021;-0.0028472810541116085
14.06.2021;-0.0006329596234381224
15.06.2021;0.000993839705492923
16.06.2021;-0.004901751135163233
17.06.2021;0.0032223742777897986
18.06.2021;-0.003942208094345527
21.06.2021;0.0048523153353630276
22.06.2021;0.0001631198328580015
23.06.2021;-0.002424522806123438
24.06.2021;0.002474260468361151
25.06.2021;0.00433086391271648
28.06.2021;0.0012946124639371254
29.06.2021;-0.0015877438992268015
30.06.2021;0.0020249216559812475
01.07.2021;0.002159665031853291
02.07.2021;0.001584211228808321
06.07.2021;-2,85E+11
07.07.2021;0.0003860314399596321
08.07.2021;-0.0035339971286906385
09.07.2021;0.0029635023712640055
12.07.2021;-0.00016631966522210353
13.07.2021;-0.0014956241806555236
14.07.2021;0.0008891388373762047
15.07.2021;-0.0003089263189399961
16.07.2021;0.0002911923479398124
19.07.2021;0.0007752683463290693
20.07.2021;-0.0008117317959221572
21.07.2021;-7,96E+10
22.07.2021;0.005526139961847694
23.07.2021;0.0017460404894543411
26.07.2021;0.0009208193525943858
27.07.2021;0.0021455269787224803
28.07.2021;0.00016399913163450837
29.07.2021;-0.0027552858212602964
30.07.2021;-0.0005333997675046336
02.08.2021;0.0019625214413684228
03.08.2021;1,21E+11
04.08.2021;0.0008895708095570352
05.08.2021;0.0024666962097871174
06.08.2021;0.0006811114778010591
09.08.2021;0.0027110545749748647
10.08.2021;0.00320702702306724
11.08.2021;0.001468682837486617
12.08.2021;0.0034672279985596814
13.08.2021;0.00173982812439058
16.08.2021;0.00196256367523172
17.08.2021;0.007316452865474822
18.08.2021;-0.007732990571130897
19.08.2021;0.00119984719875717
20.08.2021;-0.0018562532983222324
23.08.2021;0.00036225208736410334
24.08.2021;-0.0033605555081305397
25.08.2021;-0.00020971409776885264
26.08.2021;0.00010967941660476046
27.08.2021;0.0015884569354076964
30.08.2021;0.0009940642755970894
31.08.2021;0.002405195339487125
01.09.2021;0.0039056949397987145
02.09.2021;0.005697610407420342
03.09.2021;0.00010578720930920244
07.09.2021;-0.002175351120938705
08.09.2021;0.0022812092480754566
09.09.2021;-0.001928682302025006
10.09.2021;-0.0027637244404982416
13.09.2021;-0.0014621077989990852
14.09.2021;-0.0034561607823012054
15.09.2021;-0.001505454847005559
16.09.2021;-0.0010727462767676325
17.09.2021;-0.0011504070907130634
20.09.2021;-0.0016187190410104353
21.09.2021;-0.0009285469056701968
22.09.2021;-0.001885982140605984
23.09.2021;0.0052819729088548085
24.09.2021;0.000234746615072208
27.09.2021;-0.002591878414727189
28.09.2021;0.0011639333916556049
29.09.2021;0.002823850362873409
30.09.2021;-0.0028630817027923776
01.10.2021;0.0027011784915390883
04.10.2021;0.0013960151399115364
05.10.2021;0.002640374091745845
06.10.2021;0.0025673422541487674
07.10.2021;0.0005454236088477647
08.10.2021;-0.000958105625596303
11.10.2021;-0.0017678216712542214
12.10.2021;0.0021770137766319083
13.10.2021;-0.002824729295105445
14.10.2021;5,79E+11
15.10.2021;0.0019116493117292967
18.10.2021;-0.0011447740647864304
19.10.2021;0.0004809372781551229
20.10.2021;0.0033605582567743687
21.10.2021;0.003036916693227502
22.10.2021;0.0023950832996394575
25.10.2021;0.0011570499946420218
26.10.2021;0.0007748049049927448
27.10.2021;0.0013223645070726147
28.10.2021;6,75E+09
29.10.2021;0.00029281537451221733
01.11.2021;-0.0009840187205712892
02.11.2021;0.00017696814862514475
03.11.2021;0.00352944940608243
04.11.2021;0.0022758787189384104
05.11.2021;-0.0021948039705482307
08.11.2021;0.0030699483728130637
09.11.2021;0.0007382485552446111
10.11.2021;0.003643980719453645
11.11.2021;-2,62E+11
12.11.2021;-0.0013076919507193576
15.11.2021;0.0023761647412464167
16.11.2021;-0.0019000244463862571
17.11.2021;0.0018889189276323454
18.11.2021;-0.0024838019373340943
19.11.2021;-0.0013622065263877792
22.11.2021;0.00470256555685104
23.11.2021;0.0018889008787740893
24.11.2021;0.0028671627733253867
26.11.2021;0.0011475847212959842
29.11.2021;-0.002898770580671469
30.11.2021;-0.005530446331682249
01.12.2021;-0.00108718206972193
02.12.2021;0.0014791377454467629
03.12.2021;0.0036528507491433676
06.12.2021;0.0016039751709362544
07.12.2021;-0.0015291538890296924
08.12.2021;0.0021689333357259788
09.12.2021;-0.0005190258930073202
10.12.2021;0.0009172017651055599
13.12.2021;0.0037681370737253582
14.12.2021;0.0001055290461807871
15.12.2021;0.002506110248445454
16.12.2021;0.007185097946147061
17.12.2021;-0.0013136503245669616
20.12.2021;0.006579487133757681
21.12.2021;-0.004276648040114062
22.12.2021;0.002261267318435921
23.12.2021;-9,55E+10
27.12.2021;0.0012021195885331785
28.12.2021;0.0029174854981529968
29.12.2021;0.0036600595101113262
30.12.2021;0.0023251609019868127
31.12.2021;0.0008224132222420643
03.01.2022;0.0035116621939979423
04.01.2022;2,04E+09
05.01.2022;0.0016907022622254524
06.01.2022;-0.0010774832982176855
07.01.2022;-0.0004867099487848303
10.01.2022;0.0020868724791906616
11.01.2022;-0.0050953905405063254
12.01.2022;-0.0011821821804382864
13.01.2022;0.0026828007491986198
14.01.2022;0.001535683346236947
18.01.2022;0.003324320692397213
19.01.2022;0.0024471874279686215
20.01.2022;-0.0025217738762044117
21.01.2022;0.003039027677526198
24.01.2022;-0.001917309784117657
25.01.2022;0.000945098375883685
26.01.2022;-4,35E+11
27.01.2022;0.004324538857838186
28.01.2022;0.0022895968392481992
31.01.2022;0.0004918770849074768
01.02.2022;0.0029709006869748237
02.02.2022;0.0006952491276516295
03.02.2022;0.003995916440615133
04.02.2022;-0.0013854502425439538
07.02.2022;0.00037141369491594696
08.02.2022;0.0008817413928080475
09.02.2022;-0.0010927487418523375
10.02.2022;0.0013226625635497009
11.02.2022;0.0035770257889441077
14.02.2022;-0.004872261323117062
15.02.2022;-0.0035193409314523416
16.02.2022;0.00012914850738685572
17.02.2022;2,83E+11
18.02.2022;-0.0001370515389392036
22.02.2022;-0.0027929881351994607
23.02.2022;-0.0031513800132142835
24.02.2022;-0.0036952977085369576
25.02.2022;0.0041553106009835595
28.02.2022;0.0014463912127781662
01.03.2022;0.0033432089156358894
02.03.2022;8,07E+10
03.03.2022;-0.001907614889128557
04.03.2022;0.005688158816893145
07.03.2022;0.002462675346357059
08.03.2022;0.0008131466776590763
09.03.2022;-0.0031554511096361505
10.03.2022;0.0028589005837636656
11.03.2022;-0.0017425980713340376
14.03.2022;0.0036436610518532473
15.03.2022;0.00495470468182467
16.03.2022;-0.0021083476264153185
17.03.2022;0.0004056542440544469
18.03.2022;-0.00123505056791246
21.03.2022;0.0035753821227618113
22.03.2022;0.0027351626465343636
23.03.2022;0.0009516001578777676
24.03.2022;0.002728042483564565
25.03.2022;0.004964750846478321
28.03.2022;0.0031077102439476876
29.03.2022;-0.0027764659103214416
30.03.2022;0.001908877086420016
31.03.2022;-0.0037469398962232713
01.04.2022;-0.0007039976570098541
04.04.2022;0.0018521900950821618
05.04.2022;-0.0017335768788903317
06.04.2022;0.004265072164151235
07.04.2022;0.003490761771166123
08.04.2022;-0.00040918221753094195
11.04.2022;-0.001254838374583539
12.04.2022;-0.0006497291841166663
13.04.2022;0.006523984251346583
14.04.2022;0.0019281044180679747
18.04.2022;-0.001335502264573365
19.04.2022;-0.0005394148183686552
20.04.2022;-0.002327422713455907
21.04.2022;-0.0023046850515252744
22.04.2022;0.0024784705370431218
25.04.2022;-0.0002616576336062275
26.04.2022;-0.0035447981860630227
27.04.2022;0.0027324263537747712
28.04.2022;-0.0030362976214655104
29.04.2022;-0.001034323214030269
02.05.2022;0.004339374337636665
03.05.2022;-0.003192568012534382
04.05.2022;0.0008305717628642288
05.05.2022;0.0035675096392942533
06.05.2022;-0.0009751587301973542
09.05.2022;-3,18E+10
10.05.2022;-0.0005698835716756931
11.05.2022;0.004653335678907769
12.05.2022;0.0012029471845614395
13.05.2022;-0.0012689991256467847
16.05.2022;0.0015247292704032977
17.05.2022;0.0015741402161482847
18.05.2022;0.00043013787127212794
19.05.2022;0.0005466842863540407
20.05.2022;-0.0007620986648533864
23.05.2022;0.003879671730315528
24.05.2022;0.005440047872865541
25.05.2022;0.0013385042019299648
26.05.2022;-0.0007239682988903059
27.05.2022;0.002745692223660743
31.05.2022;-0.0014804529424087948
01.06.2022;-0.0017604679465766599
02.06.2022;-0.001300093079994507
03.06.2022;-0.0010642176086547708
06.06.2022;-0.0009248682986737156
07.06.2022;0.0034583329221515246
08.06.2022;-0.0022718273446296192
09.06.2022;-0.0033991128347584786
10.06.2022;-0.001454953380503818
13.06.2022;-0.003301316256796724
14.06.2022;-0.0025006288810551685
15.06.2022;-0.0012214599524354131
16.06.2022;0.00025512055416886494
17.06.2022;0.0006709961866234811
21.06.2022;0.005125122778239509
22.06.2022;-0.0005683597243644999
23.06.2022;-0.0013040846568106394
24.06.2022;-0.002079740405514204
27.06.2022;0.005222541188312665
28.06.2022;-0.0027463762354226987
29.06.2022;0.0004627696627340517
30.06.2022;0.0021026750392522976
01.07.2022;0.004381006259828072
05.07.2022;-0.0031719020167911547
06.07.2022;0.001534665313830817
07.07.2022;0.004054896059057785
08.07.2022;5,38E+10
11.07.2022;0.0025685029790321503
12.07.2022;-0.0007743559549010907
13.07.2022;0.002989111580568787
14.07.2022;0.0007448307841007046
15.07.2022;0.0005892957071000956
18.07.2022;-0.006181562577117569
19.07.2022;0.0036137116530771942
20.07.2022;-0.005682326373248306
21.07.2022;9,95E+10
22.07.2022;0.0010364261488380424
25.07.2022;0.0008929869667693418
26.07.2022;0.0029137027462113746
27.07.2022;-0.0003593363314072541
28.07.2022;-0.000825086887563423
29.07.2022;-0.0016360874068052636
01.08.2022;0.0012458994740865295
02.08.2022;0.0006783033638055455
03.08.2022;-0.002505012752781672
04.08.2022;0.0007545393841801931
05.08.2022;-0.002505547718751278
08.08.2022;-0.003094098777546527
09.08.2022;0.0031615922829584084
10.08.2022;0.0006794691521477478
11.08.2022;-0.002729616111938442
12.08.2022;0.004172727078946626
15.08.2022;0.0068130523234230835
16.08.2022;0.008252585725963643
17.08.2022;0.0020962216372949908
18.08.2022;-0.001966971278260118
19.08.2022;0.002581783382452613
22.08.2022;-0.004432971402223888
23.08.2022;-0.0050133752869096285
24.08.2022;-0.000897072163749867
25.08.2022;-0.00020374661970997548
26.08.2022;-0.0033807917250752197
29.08.2022;-9,57E+10
30.08.2022;-0.0069904127544714
31.08.2022;0.001165792991445349
01.09.2022;0.0028558213728497647
02.09.2022;-0.0037243112895020626
06.09.2022;-0.0019901752089962334
07.09.2022;0.006479385109618119
08.09.2022;-0.002088887407647637
09.09.2022;-0.0025051448248518734
12.09.2022;0.0009844781743604814
13.09.2022;-0.0029738058385162403
14.09.2022;0.005088390139768604
15.09.2022;0.0002445469067523546
16.09.2022;-0.0008422865530410503
19.09.2022;-0.0022177421929551995
20.09.2022;0.0009012530708232699
21.09.2022;-0.0038206402460412817
22.09.2022;0.0025882744811655456
23.09.2022;-0.003163455501010358
26.09.2022;0.001802158762364509
27.09.2022;0.0015380331412816004
28.09.2022;-8,50E+10
29.09.2022;0.0012190774869930868
30.09.2022;-0.003276727797784924
03.10.2022;0.004986428458659566
04.10.2022;0.004874958386639366
05.10.2022;0.0009335872176413154
06.10.2022;-0.0019458308713644146
07.10.2022;0.0023540437643700595
10.10.2022;0.003077158247857417
11.10.2022;0.0019043219012180763
12.10.2022;0.002297932685545581
13.10.2022;0.008399447186758256
14.10.2022;-0.0002206773197227028
17.10.2022;-0.0032268825078693563
18.10.2022;0.0006843774349778015
19.10.2022;0.0006468204316547647
20.10.2022;0.0011565761236362274
21.10.2022;0.0033110217457927166
24.10.2022;0.0025127460493860245
25.10.2022;-0.0028354682535373012
26.10.2022;-0.00048488541207515785
27.10.2022;0.0017481434743594603
28.10.2022;-0.004233488252074388
31.10.2022;0.00021273547840951808
01.11.2022;0.0004025669095876494
02.11.2022;0.001080627953156407
03.11.2022;0.0037947798665758205
04.11.2022;-0.0016430877019524993
07.11.2022;0.0001263528950810628
08.11.2022;0.001242141664837024
09.11.2022;0.0029893968722427156
10.11.2022;-0.009767345245662395
11.11.2022;-0.0004346733589416108
14.11.2022;0.0023736262103968703
15.11.2022;-0.0031192616975524775
16.11.2022;0.007754939785895795
17.11.2022;0.007419974987349585
18.11.2022;-0.0002061594329775861
21.11.2022;0.0042792430399556484
22.11.2022;0.0006335258602736679
23.11.2022;0.0013475077546568422
25.11.2022;0.00197029098694925
28.11.2022;0.0017175283835543173
29.11.2022;0.0018463899150757243
30.11.2022;0.0020199922780089704
01.12.2022;0.0
02.12.2022;0.0
05.12.2022;0.0
06.12.2022;0.0
07.12.2022;0.0
08.12.2022;0.0
09.12.2022;0.0
12.12.2022;0.0
13.12.2022;0.0
14.12.2022;0.0
15.12.2022;0.0
16.12.2022;0.0
19.12.2022;0.0
20.12.2022;0.0
21.12.2022;0.0
22.12.2022;0.0
23.12.2022;0.0
27.12.2022;0.0
28.12.2022;0.0
29.12.2022;0.0
30.12.2022;
